[
  {
    "id": "f98db78b-6c2c-44f8-a728-51ae7bdbbae1",
    "data": [
      {
        "text": "добавить где был @travelers:traveler",
        "userDefined": false
      }
    ],
    "isTemplate": true,
    "count": 0,
    "updated": 1526289927
  },
  {
    "id": "fce4b608-3f55-43b6-8c35-13b3e6190213",
    "data": [
      {
        "text": "добавить местонахождение @travelers:traveler",
        "userDefined": false
      }
    ],
    "isTemplate": true,
    "count": 0,
    "updated": 1526289927
  },
  {
    "id": "4b799508-88e0-4abc-9157-d3197714b3d8",
    "data": [
      {
        "text": "добавить местоположение",
        "userDefined": false
      }
    ],
    "isTemplate": false,
    "count": 0,
    "updated": 1526289927
  },
  {
    "id": "991de734-fd30-49d9-9b29-71b2e5eddf3e",
    "data": [
      {
        "text": "добавить местонахождение",
        "userDefined": false
      }
    ],
    "isTemplate": false,
    "count": 0,
    "updated": 1526289927
  },
  {
    "id": "6cfebd6e-2da8-4294-bf31-a9cead6891f5",
    "data": [
      {
        "text": "добавить место",
        "userDefined": false
      }
    ],
    "isTemplate": false,
    "count": 0,
    "updated": 1526289927
  }
]