[
  {
    "id": "f6edf2a9-9378-45f0-a4bc-6513e0714348",
    "data": [
      {
        "text": "add ",
        "userDefined": false
      },
      {
        "text": "Teddy",
        "alias": "traveler",
        "meta": "@travelers",
        "userDefined": false
      },
      {
        "text": "\u0027s location",
        "userDefined": false
      }
    ],
    "isTemplate": false,
    "count": 0,
    "updated": 1524221870
  },
  {
    "id": "21e092b4-ab1b-4291-b827-9ad1534547e3",
    "data": [
      {
        "text": "add location",
        "userDefined": false
      }
    ],
    "isTemplate": false,
    "count": 0,
    "updated": 1524221870
  },
  {
    "id": "ef99e923-abe7-4f49-9078-4f913ff53495",
    "data": [
      {
        "text": "add where @travelers:traveler has been",
        "userDefined": false
      }
    ],
    "isTemplate": true,
    "count": 0,
    "updated": 1524221918
  },
  {
    "id": "afc45097-f4a9-4802-844c-95f2525ffb6b",
    "data": [
      {
        "text": "add @travelers:traveler\u0027s location",
        "userDefined": false
      }
    ],
    "isTemplate": true,
    "count": 0,
    "updated": 1524221918
  },
  {
    "id": "260b00fd-80a3-4428-8cd3-9374d0453a73",
    "data": [
      {
        "text": "add place",
        "userDefined": false
      }
    ],
    "isTemplate": false,
    "count": 0,
    "updated": 1524221870
  }
]