[
  {
    "id": "6e9b5988-8880-4ef0-acc2-42a1b2111f65",
    "data": [
      {
        "text": "переключить на другой язык",
        "userDefined": false
      }
    ],
    "isTemplate": false,
    "count": 0,
    "updated": 1526289800
  },
  {
    "id": "743500dc-fdf7-4136-bc15-6e6cad64ccaf",
    "data": [
      {
        "text": "переключить язык",
        "userDefined": false
      }
    ],
    "isTemplate": false,
    "count": 0,
    "updated": 1526289800
  },
  {
    "id": "6beef713-d7b3-42ab-8430-475052fba41d",
    "data": [
      {
        "text": "другой язык",
        "userDefined": false
      }
    ],
    "isTemplate": false,
    "count": 0,
    "updated": 1526289800
  },
  {
    "id": "3d0be714-8c0e-4829-90b2-8f4f3d890cd4",
    "data": [
      {
        "text": "поменять язык",
        "userDefined": false
      }
    ],
    "isTemplate": false,
    "count": 0,
    "updated": 1526289800
  },
  {
    "id": "3267e8c5-20db-46ce-b1e0-670c1b8d7d86",
    "data": [
      {
        "text": "сменить язык",
        "userDefined": false
      }
    ],
    "isTemplate": false,
    "count": 0,
    "updated": 1526289800
  }
]