[
  {
    "id": "1488c28d-d556-4396-9b2e-f53d420f29ff",
    "data": [
      {
        "text": "перейди на английский язык",
        "userDefined": false
      }
    ],
    "isTemplate": false,
    "count": 0,
    "updated": 1526290067
  },
  {
    "id": "85dceb6b-6431-4db0-9abc-79e3c91eea7d",
    "data": [
      {
        "text": "сменить язык на английский",
        "userDefined": false
      }
    ],
    "isTemplate": false,
    "count": 0,
    "updated": 1526290067
  },
  {
    "id": "2aa0995d-7c09-4dd3-839d-fff539f19439",
    "data": [
      {
        "text": "переключить на английский язык",
        "userDefined": false
      }
    ],
    "isTemplate": false,
    "count": 0,
    "updated": 1526290067
  },
  {
    "id": "f1cc5a3f-5501-480f-a8a6-1d51a8ce2301",
    "data": [
      {
        "text": "перейти на английский",
        "userDefined": false
      }
    ],
    "isTemplate": false,
    "count": 0,
    "updated": 1526290067
  },
  {
    "id": "dce18fdc-62a0-481c-a7d8-043e728ed7d9",
    "data": [
      {
        "text": "переключиться на английский",
        "userDefined": false
      }
    ],
    "isTemplate": false,
    "count": 0,
    "updated": 1526290067
  }
]