[
  {
    "id": "1c2a9380-a813-4f4f-ad75-fec59b698998",
    "data": [
      {
        "text": "switch to ",
        "userDefined": false
      },
      {
        "text": "English",
        "alias": "language",
        "meta": "@sys.language",
        "userDefined": false
      },
      {
        "text": " language",
        "userDefined": false
      }
    ],
    "isTemplate": false,
    "count": 0,
    "updated": 1526240500
  },
  {
    "id": "4e05e60c-b06c-4903-b311-d20f31f11e7f",
    "data": [
      {
        "text": "change to En",
        "userDefined": false
      }
    ],
    "isTemplate": false,
    "count": 0,
    "updated": 1526240500
  },
  {
    "id": "a0afc5b6-a969-4795-b86c-6b937610e6b1",
    "data": [
      {
        "text": "switch language to ",
        "userDefined": false
      },
      {
        "text": "English",
        "alias": "language",
        "meta": "@sys.language",
        "userDefined": false
      }
    ],
    "isTemplate": false,
    "count": 0,
    "updated": 1526240500
  },
  {
    "id": "21a1db1c-f9c2-4b9b-bed4-db28ff77fb3a",
    "data": [
      {
        "text": "switch to ",
        "userDefined": false
      },
      {
        "text": "English",
        "alias": "language",
        "meta": "@sys.language",
        "userDefined": false
      }
    ],
    "isTemplate": false,
    "count": 0,
    "updated": 1526240500
  },
  {
    "id": "9626482d-b521-448d-83b6-c9677c62eeee",
    "data": [
      {
        "text": "Change language to ",
        "userDefined": false
      },
      {
        "text": "English",
        "alias": "language",
        "meta": "@sys.language",
        "userDefined": false
      }
    ],
    "isTemplate": false,
    "count": 0,
    "updated": 1526240500
  }
]