[
  {
    "id": "6a26b103-e8da-4206-a702-8fede8b7e0a7",
    "data": [
      {
        "text": "начать с начала",
        "userDefined": false
      }
    ],
    "isTemplate": false,
    "count": 0,
    "updated": 1526290454
  },
  {
    "id": "7ffd53f0-d302-4633-8945-5851d8c99ea7",
    "data": [
      {
        "text": "начать сначалана",
        "userDefined": false
      }
    ],
    "isTemplate": false,
    "count": 0,
    "updated": 1526290454
  },
  {
    "id": "883b4a86-aa21-4dc3-ae9b-49d9e3adaa3d",
    "data": [
      {
        "text": "ресет",
        "userDefined": false
      }
    ],
    "isTemplate": false,
    "count": 0,
    "updated": 1526290454
  },
  {
    "id": "f0db72e4-82b7-495f-a872-a22e769fb68e",
    "data": [
      {
        "text": "резет",
        "userDefined": false
      }
    ],
    "isTemplate": false,
    "count": 0,
    "updated": 1526290454
  },
  {
    "id": "92f6110a-b080-44d6-a410-ce8dcb975b7b",
    "data": [
      {
        "text": "рестарт",
        "userDefined": false
      }
    ],
    "isTemplate": false,
    "count": 0,
    "updated": 1526290454
  },
  {
    "id": "29f38d51-723d-415e-8152-8fa1cffeb5ce",
    "data": [
      {
        "text": "поновой",
        "userDefined": false
      }
    ],
    "isTemplate": false,
    "count": 0,
    "updated": 1526290454
  },
  {
    "id": "6ca18c42-d7b7-4063-976a-f6146fa86b78",
    "data": [
      {
        "text": "по новойпо",
        "userDefined": false
      }
    ],
    "isTemplate": false,
    "count": 0,
    "updated": 1526290454
  },
  {
    "id": "77fdac64-1855-403f-96bf-e50ec597658d",
    "data": [
      {
        "text": "начать заново",
        "userDefined": false
      }
    ],
    "isTemplate": false,
    "count": 0,
    "updated": 1526290454
  },
  {
    "id": "d13a1758-0608-44b4-aced-0511b5674cde",
    "data": [
      {
        "text": "заново",
        "userDefined": false
      }
    ],
    "isTemplate": false,
    "count": 0,
    "updated": 1526290454
  },
  {
    "id": "289e0e6e-ccfb-4d9a-8631-8c6a1c0fac08",
    "data": [
      {
        "text": "сбросить",
        "userDefined": false
      }
    ],
    "isTemplate": false,
    "count": 0,
    "updated": 1526290454
  },
  {
    "id": "69b7f60e-2f89-43c0-a8bd-2b23af9f16e7",
    "data": [
      {
        "text": "сброс",
        "userDefined": false
      }
    ],
    "isTemplate": false,
    "count": 0,
    "updated": 1526290454
  }
]