[
  {
    "id": "317ba9b8-37a5-42ca-82e7-5f4200d3185b",
    "data": [
      {
        "text": "start over",
        "userDefined": false
      }
    ],
    "isTemplate": false,
    "count": 0,
    "updated": 1524658536
  },
  {
    "id": "aa7d8734-6e9a-423e-a313-4aabe0de5bcb",
    "data": [
      {
        "text": "start afresh",
        "userDefined": false
      }
    ],
    "isTemplate": false,
    "count": 0,
    "updated": 1524658536
  },
  {
    "id": "4d925e9b-d64a-4326-9482-1c0658ec2c7a",
    "data": [
      {
        "text": "start fresh",
        "userDefined": false
      }
    ],
    "isTemplate": false,
    "count": 0,
    "updated": 1524658536
  },
  {
    "id": "8a27c94c-b84d-4d35-adc8-43edc10911cf",
    "data": [
      {
        "text": "reset",
        "userDefined": false
      }
    ],
    "isTemplate": false,
    "count": 0,
    "updated": 1524658536
  }
]