[
  {
    "id": "e0193120-e105-41e1-a006-b09b470b59e4",
    "data": [
      {
        "text": "огого",
        "userDefined": false
      }
    ],
    "isTemplate": false,
    "count": 0,
    "updated": 0
  },
  {
    "id": "65831bfc-0098-4d6c-9f59-080d2f283249",
    "data": [
      {
        "text": "вау",
        "userDefined": false
      }
    ],
    "isTemplate": false,
    "count": 0,
    "updated": 0
  },
  {
    "id": "465a89fd-a363-4bf7-a278-80d5aa1d0991",
    "data": [
      {
        "text": "ух ты",
        "userDefined": false
      }
    ],
    "isTemplate": false,
    "count": 0,
    "updated": 0
  },
  {
    "id": "72acaac6-50cd-4e58-99b3-794cb5b33da1",
    "data": [
      {
        "text": "ух ты вау",
        "userDefined": false
      }
    ],
    "isTemplate": false,
    "count": 0,
    "updated": 0
  },
  {
    "id": "562926fb-1171-4c1d-829b-db0872e33bba",
    "data": [
      {
        "text": "ух ты ух ты",
        "userDefined": false
      }
    ],
    "isTemplate": false,
    "count": 0,
    "updated": 0
  },
  {
    "id": "bfd1335a-67db-419d-92a5-1c92d3b9de52",
    "data": [
      {
        "text": "ого",
        "userDefined": false
      }
    ],
    "isTemplate": false,
    "count": 0,
    "updated": 0
  }
]