[
  {
    "id": "8448d264-f2de-4063-88d0-6e0e1e08b241",
    "data": [
      {
        "text": "я занят",
        "userDefined": false
      }
    ],
    "isTemplate": false,
    "count": 0,
    "updated": 0
  },
  {
    "id": "b9c857d6-4dbd-4280-abdf-297026b59d11",
    "data": [
      {
        "text": "я поглощен работой",
        "userDefined": false
      }
    ],
    "isTemplate": false,
    "count": 0,
    "updated": 0
  },
  {
    "id": "3220c4d1-d9de-47b5-bb82-f577beb3644b",
    "data": [
      {
        "text": "у меня дела",
        "userDefined": false
      }
    ],
    "isTemplate": false,
    "count": 0,
    "updated": 0
  },
  {
    "id": "95b1d784-ae5e-4125-8204-50561041bcc4",
    "data": [
      {
        "text": "я очень занят",
        "userDefined": false
      }
    ],
    "isTemplate": false,
    "count": 0,
    "updated": 0
  },
  {
    "id": "8cf06a24-e1e2-483a-9182-1d0193c3b51d",
    "data": [
      {
        "text": "пора заняться работой",
        "userDefined": false
      }
    ],
    "isTemplate": false,
    "count": 0,
    "updated": 0
  },
  {
    "id": "22959020-3f9c-44c7-b599-1c023141cd0a",
    "data": [
      {
        "text": "я работаю",
        "userDefined": false
      }
    ],
    "isTemplate": false,
    "count": 0,
    "updated": 0
  },
  {
    "id": "1116ba5e-ac55-4e3a-bd29-f3f56fcca9c6",
    "data": [
      {
        "text": "на это нет времени",
        "userDefined": false
      }
    ],
    "isTemplate": false,
    "count": 0,
    "updated": 0
  }
]