[
  {
    "id": "8cd43f3f-0e2b-407a-9f4d-264de2c0b8c9",
    "data": [
      {
        "text": "давай",
        "userDefined": false
      }
    ],
    "isTemplate": false,
    "count": 0,
    "updated": 0
  },
  {
    "id": "fddc3af5-1d44-4277-aed2-3e3c91925348",
    "data": [
      {
        "text": "да",
        "userDefined": false
      }
    ],
    "isTemplate": false,
    "count": 0,
    "updated": 0
  },
  {
    "id": "eb7a6932-fbfa-48f7-a89f-0de843305a0e",
    "data": [
      {
        "text": "ага",
        "userDefined": false
      }
    ],
    "isTemplate": false,
    "count": 0,
    "updated": 0
  },
  {
    "id": "4c77dddd-b837-4589-97a5-be960abb11e1",
    "data": [
      {
        "text": "согласен",
        "userDefined": false
      }
    ],
    "isTemplate": false,
    "count": 0,
    "updated": 0
  },
  {
    "id": "da0fd259-58a9-4d9e-9004-5bbfb2bc3530",
    "data": [
      {
        "text": "уверен",
        "userDefined": false
      }
    ],
    "isTemplate": false,
    "count": 0,
    "updated": 0
  },
  {
    "id": "d3bec41a-e26c-49f9-a16e-e1489539cf01",
    "data": [
      {
        "text": "конечно",
        "userDefined": false
      }
    ],
    "isTemplate": false,
    "count": 0,
    "updated": 0
  },
  {
    "id": "7ca3d96d-5a5e-49e9-a9e5-22e9eb9b9fd3",
    "data": [
      {
        "text": "естественно",
        "meta": "@sys.ignore",
        "userDefined": false
      }
    ],
    "isTemplate": false,
    "count": 0,
    "updated": 0
  },
  {
    "id": "1148437e-a2d6-4bb2-9044-50623db24d02",
    "data": [
      {
        "text": "ответ да",
        "userDefined": false
      }
    ],
    "isTemplate": false,
    "count": 0,
    "updated": 0
  },
  {
    "id": "9efb729f-55d5-414c-adfa-e344c4e229d0",
    "data": [
      {
        "text": "давай попробуем",
        "userDefined": false
      }
    ],
    "isTemplate": false,
    "count": 1,
    "updated": 0
  },
  {
    "id": "80994302-fbac-4d49-8db9-2b0243b2c3cf",
    "data": [
      {
        "text": "правильно",
        "userDefined": false
      }
    ],
    "isTemplate": false,
    "count": 1,
    "updated": 0
  },
  {
    "id": "a2156933-f662-4343-96ca-bada0581523d",
    "data": [
      {
        "text": "почему бы нет",
        "userDefined": false
      }
    ],
    "isTemplate": false,
    "count": 0,
    "updated": 0
  },
  {
    "id": "623b97fe-42ae-43e8-a1e5-87a2d069dda9",
    "data": [
      {
        "text": "да давай",
        "userDefined": false
      }
    ],
    "isTemplate": false,
    "count": 0,
    "updated": 0
  },
  {
    "id": "7e187790-5ba1-43bd-91ad-26a2f45deb9d",
    "data": [
      {
        "text": "я не против",
        "userDefined": false
      }
    ],
    "isTemplate": false,
    "count": 0,
    "updated": 0
  },
  {
    "id": "e78fba2d-09ff-459e-884e-8ccf82592156",
    "data": [
      {
        "text": "я только за",
        "userDefined": false
      }
    ],
    "isTemplate": false,
    "count": 0,
    "updated": 0
  },
  {
    "id": "647e3ecf-d6be-486b-bbea-112cc3390672",
    "data": [
      {
        "text": "я за",
        "userDefined": false
      }
    ],
    "isTemplate": false,
    "count": 1,
    "updated": 0
  },
  {
    "id": "7a6dd96e-5886-4bf0-a595-6d70b71853bf",
    "data": [
      {
        "text": "думаю да",
        "userDefined": false
      }
    ],
    "isTemplate": false,
    "count": 0,
    "updated": 0
  },
  {
    "id": "c25455e8-a7e8-4cba-8194-203adf82197a",
    "data": [
      {
        "text": "ладно",
        "userDefined": false
      }
    ],
    "isTemplate": false,
    "count": 0,
    "updated": 0
  },
  {
    "id": "d2722ea0-7aac-407c-b406-c55c08564ad9",
    "data": [
      {
        "text": "уговорил",
        "userDefined": false
      }
    ],
    "isTemplate": false,
    "count": 0,
    "updated": 0
  },
  {
    "id": "9c612aea-f48a-4cb3-a9be-38c98948fd97",
    "data": [
      {
        "text": "пожалуй",
        "userDefined": false
      }
    ],
    "isTemplate": false,
    "count": 0,
    "updated": 0
  },
  {
    "id": "1f18f520-8aef-4d6a-ae58-a271adfc97d1",
    "data": [
      {
        "text": "почему бы и нет",
        "userDefined": false
      }
    ],
    "isTemplate": false,
    "count": 0,
    "updated": 0
  },
  {
    "id": "dce3678c-7c64-4261-9b67-3f5ae877d392",
    "data": [
      {
        "text": "всё правильно",
        "userDefined": false
      }
    ],
    "isTemplate": false,
    "count": 0,
    "updated": 0
  },
  {
    "id": "1d74780c-def6-4bce-8cd4-d8dd49e5ed7c",
    "data": [
      {
        "text": "да конечно",
        "userDefined": false
      }
    ],
    "isTemplate": false,
    "count": 0,
    "updated": 0
  },
  {
    "id": "689b8d6e-d172-42d2-9fb1-9840aedbf57e",
    "data": [
      {
        "text": "естественно",
        "userDefined": false
      }
    ],
    "isTemplate": false,
    "count": 0,
    "updated": 0
  },
  {
    "id": "897b7119-3c87-4a90-bc80-bf7831c4a1b5",
    "data": [
      {
        "text": "ещё бы",
        "userDefined": false
      }
    ],
    "isTemplate": false,
    "count": 0,
    "updated": 0
  },
  {
    "id": "e75d052e-e601-4b9a-88bb-83eccaa7eb7c",
    "data": [
      {
        "text": "да хочу",
        "userDefined": false
      }
    ],
    "isTemplate": false,
    "count": 0,
    "updated": 0
  },
  {
    "id": "139d53db-4379-4fbb-89e9-32f135b9b6f3",
    "data": [
      {
        "text": "подтверждаю",
        "userDefined": false
      }
    ],
    "isTemplate": false,
    "count": 0,
    "updated": 0
  },
  {
    "id": "292a0d32-f71a-4fd9-91f0-4f8232315a36",
    "data": [
      {
        "text": "ответ положительный",
        "userDefined": false
      }
    ],
    "isTemplate": false,
    "count": 0,
    "updated": 0
  }
]