[
  {
    "id": "9f415c75-4816-4986-9e9d-97623d7b81a3",
    "data": [
      {
        "text": "вот так гораздо лучше",
        "userDefined": false
      }
    ],
    "isTemplate": false,
    "count": 0,
    "updated": 0
  },
  {
    "id": "01cde2f2-e4e4-4598-b9b6-3fc9c9ffe528",
    "data": [
      {
        "text": "блестяще",
        "meta": "@sys.ignore",
        "userDefined": true
      }
    ],
    "isTemplate": false,
    "count": 1,
    "updated": 0
  },
  {
    "id": "b62725f9-782c-48a6-91d8-cd9a0db84685",
    "data": [
      {
        "text": "прекрасно",
        "meta": "@sys.ignore",
        "userDefined": true
      }
    ],
    "isTemplate": false,
    "count": 0,
    "updated": 0
  },
  {
    "id": "ec71f779-5604-4630-a55a-903b69591fe2",
    "data": [
      {
        "text": "это прекрасно",
        "userDefined": false
      }
    ],
    "isTemplate": false,
    "count": 2,
    "updated": 0
  },
  {
    "id": "10f65033-f488-4b56-8d97-65f83af04dd0",
    "data": [
      {
        "text": "потрясающе",
        "userDefined": false
      }
    ],
    "isTemplate": false,
    "count": 1,
    "updated": 0
  },
  {
    "id": "81253c05-8a7c-4cb3-9a47-979c031281d7",
    "data": [
      {
        "text": "это здорово",
        "userDefined": false
      }
    ],
    "isTemplate": false,
    "count": 0,
    "updated": 0
  },
  {
    "id": "432e0634-f1c0-4f6f-9e8f-aba1380ae094",
    "data": [
      {
        "text": "хорошо",
        "userDefined": false
      }
    ],
    "isTemplate": false,
    "count": 0,
    "updated": 0
  },
  {
    "id": "dbf63439-c0b8-4c47-9f74-a8b21866bcf2",
    "data": [
      {
        "text": "очень хорошо",
        "userDefined": false
      }
    ],
    "isTemplate": false,
    "count": 0,
    "updated": 0
  },
  {
    "id": "f599cb2d-764e-4149-b653-304d3f0d3a0c",
    "data": [
      {
        "text": "действительно хорошо",
        "userDefined": false
      }
    ],
    "isTemplate": false,
    "count": 2,
    "updated": 0
  },
  {
    "id": "bf56d509-6053-429e-aab1-ccae555889a7",
    "data": [
      {
        "text": "чудесно",
        "userDefined": false
      }
    ],
    "isTemplate": false,
    "count": 0,
    "updated": 0
  },
  {
    "id": "4ac53e42-55c0-4c6b-9b68-0b74084e494c",
    "data": [
      {
        "text": "просто блестяще",
        "userDefined": false
      }
    ],
    "isTemplate": false,
    "count": 1,
    "updated": 0
  },
  {
    "id": "477c645c-e203-435e-8545-6c1315bc5863",
    "data": [
      {
        "text": "здорово",
        "userDefined": false
      }
    ],
    "isTemplate": false,
    "count": 0,
    "updated": 0
  },
  {
    "id": "37cf9f7c-a8d0-4161-bc83-0f268ce484cf",
    "data": [
      {
        "text": "чудно",
        "userDefined": false
      }
    ],
    "isTemplate": false,
    "count": 0,
    "updated": 0
  },
  {
    "id": "2c33d994-b96d-4eb4-a13c-1aa765f1726a",
    "data": [
      {
        "text": "отлично",
        "userDefined": false
      }
    ],
    "isTemplate": false,
    "count": 0,
    "updated": 0
  },
  {
    "id": "73e808fe-8dac-45f0-bdc6-e6e42c406a89",
    "data": [
      {
        "text": "совершенно",
        "userDefined": false
      }
    ],
    "isTemplate": false,
    "count": 0,
    "updated": 0
  },
  {
    "id": "262eb164-396c-4acf-b24c-e90c229d66ac",
    "data": [
      {
        "text": "нормально",
        "userDefined": false
      }
    ],
    "isTemplate": false,
    "count": 1,
    "updated": 0
  },
  {
    "id": "30aafc1a-d9c4-4702-abea-306b4cb1b584",
    "data": [
      {
        "text": "хороший",
        "meta": "@sys.ignore",
        "userDefined": true
      }
    ],
    "isTemplate": false,
    "count": 0,
    "updated": 0
  },
  {
    "id": "01d9bf35-b22a-43f2-8db3-9095eff66006",
    "data": [
      {
        "text": "приятный",
        "meta": "@sys.ignore",
        "userDefined": true
      }
    ],
    "isTemplate": false,
    "count": 1,
    "updated": 0
  },
  {
    "id": "d2890e38-c71e-40aa-b04a-dbef1d0c0714",
    "data": [
      {
        "text": "было",
        "meta": "@sys.ignore",
        "userDefined": true
      },
      {
        "text": " здорово",
        "userDefined": false
      }
    ],
    "isTemplate": false,
    "count": 0,
    "updated": 0
  },
  {
    "id": "1b267487-122c-4877-9937-1d5cc6fa577b",
    "data": [
      {
        "text": "очень хороший",
        "userDefined": false
      }
    ],
    "isTemplate": false,
    "count": 0,
    "updated": 0
  },
  {
    "id": "bb83aa5c-b84b-4b2d-814f-faf6f930ea0a",
    "data": [
      {
        "text": "удивительный",
        "userDefined": false
      }
    ],
    "isTemplate": false,
    "count": 0,
    "updated": 0
  },
  {
    "id": "eaba1f86-bef7-4f7a-8813-a7d3f08101b6",
    "data": [
      {
        "text": "фантастический",
        "userDefined": false
      }
    ],
    "isTemplate": false,
    "count": 0,
    "updated": 0
  },
  {
    "id": "f2b9d93e-cd52-4b48-b4b0-f5c77a9fa39a",
    "data": [
      {
        "text": "невероятный",
        "userDefined": false
      }
    ],
    "isTemplate": false,
    "count": 0,
    "updated": 0
  },
  {
    "id": "a9c3abe8-d989-4a7c-ba52-b769e24fdc2a",
    "data": [
      {
        "text": "рад слышать это",
        "userDefined": false
      }
    ],
    "isTemplate": false,
    "count": 1,
    "updated": 0
  },
  {
    "id": "e5cd0766-cfdd-4227-8d94-7eb857c7dbdf",
    "data": [
      {
        "text": "хорошо очень хорошо",
        "userDefined": false
      }
    ],
    "isTemplate": false,
    "count": 0,
    "updated": 0
  },
  {
    "id": "8f4b5e3e-1a76-4065-8076-a7b981aafc43",
    "data": [
      {
        "text": "просто прекрасно",
        "userDefined": false
      }
    ],
    "isTemplate": false,
    "count": 0,
    "updated": 0
  },
  {
    "id": "fe7c58b4-a398-40f9-b66e-fb34b9cee8ff",
    "data": [
      {
        "text": "это чудесно",
        "userDefined": false
      }
    ],
    "isTemplate": false,
    "count": 1,
    "updated": 0
  },
  {
    "id": "c465ca72-bed1-445e-a055-47be6013afd0",
    "data": [
      {
        "text": "это невероятно",
        "userDefined": false
      }
    ],
    "isTemplate": false,
    "count": 2,
    "updated": 0
  },
  {
    "id": "79c74f32-d7f1-4da3-8241-6968a0051f40",
    "data": [
      {
        "text": "гораздо лучше",
        "userDefined": false
      }
    ],
    "isTemplate": false,
    "count": 0,
    "updated": 0
  },
  {
    "id": "31ba29f5-2aba-4078-919a-098fa5df5ced",
    "data": [
      {
        "text": "изумительно",
        "userDefined": false
      }
    ],
    "isTemplate": false,
    "count": 0,
    "updated": 0
  },
  {
    "id": "b4fc6205-a777-4374-8b8c-ef7b51d2114e",
    "data": [
      {
        "text": "великолепно",
        "userDefined": false
      }
    ],
    "isTemplate": false,
    "count": 0,
    "updated": 0
  },
  {
    "id": "4ccbd46d-702a-4413-8e9a-7671f59dcfb3",
    "data": [
      {
        "text": "неплохо",
        "userDefined": false
      }
    ],
    "isTemplate": false,
    "count": 0,
    "updated": 0
  },
  {
    "id": "fea93d44-7536-41b4-928c-6d12a614fa15",
    "data": [
      {
        "text": "не очень плохо",
        "userDefined": false
      }
    ],
    "isTemplate": false,
    "count": 1,
    "updated": 0
  },
  {
    "id": "406d34fc-b89a-425c-91af-befc10658ecf",
    "data": [
      {
        "text": "это мило",
        "userDefined": false
      }
    ],
    "isTemplate": false,
    "count": 1,
    "updated": 0
  },
  {
    "id": "0c549ba2-9554-4c39-a005-a0d0eae5db66",
    "data": [
      {
        "text": "приятно",
        "userDefined": false
      }
    ],
    "isTemplate": false,
    "count": 0,
    "updated": 0
  },
  {
    "id": "d0e50cf9-1b4b-43d0-bee1-07edc2a5a074",
    "data": [
      {
        "text": "довольно хорошо",
        "userDefined": false
      }
    ],
    "isTemplate": false,
    "count": 1,
    "updated": 0
  },
  {
    "id": "bf307ab1-dacf-4a94-9e87-cb08a5c12b2f",
    "data": [
      {
        "text": "роскошно",
        "userDefined": false
      }
    ],
    "isTemplate": false,
    "count": 0,
    "updated": 0
  },
  {
    "id": "d9e64fec-1094-44c2-8976-e9cf3f1ef9bf",
    "data": [
      {
        "text": "восхитительно",
        "userDefined": false
      }
    ],
    "isTemplate": false,
    "count": 0,
    "updated": 0
  },
  {
    "id": "4b628eec-b5b6-4ad2-8874-cc96a31acf26",
    "data": [
      {
        "text": "супер",
        "userDefined": false
      }
    ],
    "isTemplate": false,
    "count": 0,
    "updated": 0
  },
  {
    "id": "ebdf9df7-9d6c-41e6-bf13-88f531ffcf8d",
    "data": [
      {
        "text": "супер невероятно",
        "userDefined": false
      }
    ],
    "isTemplate": false,
    "count": 0,
    "updated": 0
  },
  {
    "id": "e218da8f-9a61-4c07-9dda-edd5a33d4a34",
    "data": [
      {
        "text": "мило",
        "userDefined": false
      }
    ],
    "isTemplate": false,
    "count": 0,
    "updated": 0
  },
  {
    "id": "96167097-d1ea-4134-a13e-35def8b5ddcd",
    "data": [
      {
        "text": "потрясно",
        "userDefined": false
      }
    ],
    "isTemplate": false,
    "count": 0,
    "updated": 0
  },
  {
    "id": "0989b8a9-7030-4f6b-95e9-397d619554c2",
    "data": [
      {
        "text": "это было просто потрясающе",
        "userDefined": false
      }
    ],
    "isTemplate": false,
    "count": 0,
    "updated": 0
  },
  {
    "id": "97aafb1b-b2b9-457f-8718-f2621bd98a16",
    "data": [
      {
        "text": "классно сработано",
        "userDefined": false
      }
    ],
    "isTemplate": false,
    "count": 0,
    "updated": 0
  },
  {
    "id": "ac3f67a1-6bc0-4687-acde-dcda2a773874",
    "data": [
      {
        "text": "мило с твоей стороны",
        "userDefined": false
      }
    ],
    "isTemplate": false,
    "count": 0,
    "updated": 0
  },
  {
    "id": "96502ad6-3549-4463-b50e-e95722331f50",
    "data": [
      {
        "text": "это было удивительно",
        "userDefined": false
      }
    ],
    "isTemplate": false,
    "count": 0,
    "updated": 0
  },
  {
    "id": "18c493a2-d696-46b6-aa28-55e08a113cf4",
    "data": [
      {
        "text": "хорошо сделано",
        "userDefined": false
      }
    ],
    "isTemplate": false,
    "count": 0,
    "updated": 0
  },
  {
    "id": "580833ca-7a13-4c5f-88f6-a7c2a4b1534f",
    "data": [
      {
        "text": "это было просто прекрасно",
        "userDefined": false
      }
    ],
    "isTemplate": false,
    "count": 0,
    "updated": 0
  },
  {
    "id": "e4c49811-5b51-482d-9d22-16e2f7c7d119",
    "data": [
      {
        "text": "было довольно неплохо",
        "userDefined": false
      }
    ],
    "isTemplate": false,
    "count": 0,
    "updated": 0
  },
  {
    "id": "647297d2-17b8-4197-8846-37a5ad3c7e83",
    "data": [
      {
        "text": "хорошая идея",
        "userDefined": false
      }
    ],
    "isTemplate": false,
    "count": 0,
    "updated": 0
  },
  {
    "id": "d2a04189-a799-4d12-bda3-02f035d0e9c3",
    "data": [
      {
        "text": "волшебно",
        "userDefined": false
      }
    ],
    "isTemplate": false,
    "count": 0,
    "updated": 0
  },
  {
    "id": "bd716fc3-1b92-40f2-8cf9-034d61ada919",
    "data": [
      {
        "text": "хорошее замечание",
        "userDefined": false
      }
    ],
    "isTemplate": false,
    "count": 0,
    "updated": 0
  },
  {
    "id": "7ae80ff7-1ead-4c74-ae35-93620b1e1e9a",
    "data": [
      {
        "text": "потрясающе спасибо",
        "userDefined": false
      }
    ],
    "isTemplate": false,
    "count": 0,
    "updated": 0
  },
  {
    "id": "026fb0f5-9da1-4457-8a6f-84a455af89d8",
    "data": [
      {
        "text": "это уже лучше",
        "userDefined": false
      }
    ],
    "isTemplate": false,
    "count": 0,
    "updated": 0
  },
  {
    "id": "cec516e3-cb3a-4f05-8fa7-fe850731e28a",
    "data": [
      {
        "text": "это гораздо лучше",
        "userDefined": false
      }
    ],
    "isTemplate": false,
    "count": 0,
    "updated": 0
  },
  {
    "id": "107d900e-90b1-47e2-b929-54a73c68b88d",
    "data": [
      {
        "text": "это неплохо",
        "userDefined": false
      }
    ],
    "isTemplate": false,
    "count": 0,
    "updated": 0
  },
  {
    "id": "a668c443-0e58-4c0d-b720-e544ca3de54f",
    "data": [
      {
        "text": "это великолепно",
        "userDefined": false
      }
    ],
    "isTemplate": false,
    "count": 0,
    "updated": 0
  },
  {
    "id": "fe5b07e6-f1d1-419a-a8f7-ad5ce0103cda",
    "data": [
      {
        "text": "это довольно хорошо",
        "userDefined": false
      }
    ],
    "isTemplate": false,
    "count": 0,
    "updated": 0
  },
  {
    "id": "09d7cfc7-8a61-4718-9ad0-55a2694b2d33",
    "data": [
      {
        "text": "действительно здорово",
        "userDefined": false
      }
    ],
    "isTemplate": false,
    "count": 0,
    "updated": 0
  },
  {
    "id": "a56402e6-3653-40df-ae8a-cd50b71f5f4d",
    "data": [
      {
        "text": "вот и чудно",
        "userDefined": false
      }
    ],
    "isTemplate": false,
    "count": 0,
    "updated": 0
  },
  {
    "id": "55841af7-419d-42a6-87f2-eccae6fe0554",
    "data": [
      {
        "text": "это просто потрясающе",
        "userDefined": false
      }
    ],
    "isTemplate": false,
    "count": 0,
    "updated": 0
  },
  {
    "id": "96d80ff1-2fee-47a9-9795-dd867a7d80f3",
    "data": [
      {
        "text": "ok хорошо",
        "userDefined": false
      }
    ],
    "isTemplate": false,
    "count": 0,
    "updated": 0
  },
  {
    "id": "1870cb69-4300-4407-90b2-dbcb24a0eadc",
    "data": [
      {
        "text": "рад был это узнать",
        "userDefined": false
      }
    ],
    "isTemplate": false,
    "count": 0,
    "updated": 0
  },
  {
    "id": "7eeea9ff-06bd-4174-b879-4174017fc7e4",
    "data": [
      {
        "text": "принято к сведению",
        "userDefined": false
      }
    ],
    "isTemplate": false,
    "count": 0,
    "updated": 0
  },
  {
    "id": "81c31ee6-5dab-4f97-a0a1-ac21d0ec6019",
    "data": [
      {
        "text": "рада это слышать",
        "userDefined": false
      }
    ],
    "isTemplate": false,
    "count": 0,
    "updated": 0
  },
  {
    "id": "15373928-cff8-43f1-81e1-c1849af32d4e",
    "data": [
      {
        "text": "так хорошо",
        "userDefined": false
      }
    ],
    "isTemplate": false,
    "count": 0,
    "updated": 0
  },
  {
    "id": "0d023c8f-1648-43f2-a267-0553b2a8a69e",
    "data": [
      {
        "text": "так мило с твоей стороны",
        "userDefined": false
      }
    ],
    "isTemplate": false,
    "count": 0,
    "updated": 0
  },
  {
    "id": "a043a250-2707-4a75-8b49-414204861217",
    "data": [
      {
        "text": "ну и здорово",
        "userDefined": false
      }
    ],
    "isTemplate": false,
    "count": 0,
    "updated": 0
  },
  {
    "id": "ab592650-fc66-42d1-a57e-08a4e6f47890",
    "data": [
      {
        "text": "окей хорошо",
        "userDefined": false
      }
    ],
    "isTemplate": false,
    "count": 0,
    "updated": 0
  },
  {
    "id": "8081b812-6887-49c6-bed4-690be7de750c",
    "data": [
      {
        "text": "окей здорово",
        "userDefined": false
      }
    ],
    "isTemplate": false,
    "count": 0,
    "updated": 0
  },
  {
    "id": "fecd0e6d-893b-446f-864a-d02c50c6ff62",
    "data": [
      {
        "text": "всё нормально",
        "userDefined": false
      }
    ],
    "isTemplate": false,
    "count": 0,
    "updated": 0
  },
  {
    "id": "527cacc1-26fd-413f-9cdf-53634c105d3b",
    "data": [
      {
        "text": "нет всё в порядке",
        "userDefined": false
      }
    ],
    "isTemplate": false,
    "count": 0,
    "updated": 0
  }
]