[
  {
    "id": "12a821eb-b424-468d-86a0-d575b1c25587",
    "data": [
      {
        "text": "не беспокойся",
        "userDefined": false
      }
    ],
    "isTemplate": false,
    "count": 0,
    "updated": 0
  },
  {
    "id": "e835e7cc-76c5-446a-ba1a-a5a3b5607cd7",
    "data": [
      {
        "text": "нет проблем",
        "userDefined": false
      }
    ],
    "isTemplate": false,
    "count": 0,
    "updated": 0
  },
  {
    "id": "74f92f7c-fa87-4f3b-96ee-df3c4b25f19e",
    "data": [
      {
        "text": "без проблем",
        "userDefined": false
      }
    ],
    "isTemplate": false,
    "count": 0,
    "updated": 0
  },
  {
    "id": "8f54e474-c8e8-450d-ade0-d748834aa8b3",
    "data": [
      {
        "text": "это не проблема",
        "userDefined": false
      }
    ],
    "isTemplate": false,
    "count": 0,
    "updated": 0
  },
  {
    "id": "49caae36-4a6f-45f4-8726-a2bd7527f372",
    "data": [
      {
        "text": "конечно без проблем",
        "userDefined": false
      }
    ],
    "isTemplate": false,
    "count": 0,
    "updated": 0
  },
  {
    "id": "65e7cc18-1d0e-40a6-9175-a6785eeb6e9c",
    "data": [
      {
        "text": "никаких проблем",
        "userDefined": false
      }
    ],
    "isTemplate": false,
    "count": 0,
    "updated": 0
  },
  {
    "id": "abe73639-d87f-4f7c-b45a-6bf53c7ae687",
    "data": [
      {
        "text": "не переживай",
        "userDefined": false
      }
    ],
    "isTemplate": false,
    "count": 0,
    "updated": 0
  },
  {
    "id": "918fcc9c-3432-43f4-bc19-f40d2ac7fe71",
    "data": [
      {
        "text": "не переживай это не проблема",
        "userDefined": false
      }
    ],
    "isTemplate": false,
    "count": 0,
    "updated": 0
  }
]