[
  {
    "id": "f0cd9542-7ff3-4484-bf74-f5ba4d6171d9",
    "data": [
      {
        "text": "доброй ночи",
        "userDefined": false
      }
    ],
    "isTemplate": false,
    "count": 0,
    "updated": 0
  },
  {
    "id": "5a72d1d3-3c46-4e55-8623-646a42e35317",
    "data": [
      {
        "text": "спокойной ночи",
        "userDefined": false
      }
    ],
    "isTemplate": false,
    "count": 0,
    "updated": 0
  },
  {
    "id": "72b814e4-cea4-454e-aaf3-ce3cd9f6b6f7",
    "data": [
      {
        "text": "доброй тебе ночи",
        "userDefined": false
      }
    ],
    "isTemplate": false,
    "count": 0,
    "updated": 0
  },
  {
    "id": "2df9afd6-c635-4230-b285-f795c1eb149e",
    "data": [
      {
        "text": "доброй ночи тебе",
        "userDefined": false
      }
    ],
    "isTemplate": false,
    "count": 0,
    "updated": 0
  },
  {
    "id": "8b92fa6b-c50f-4e25-8192-37b7962cbf8f",
    "data": [
      {
        "text": "спасибо спокойной ночи",
        "userDefined": false
      }
    ],
    "isTemplate": false,
    "count": 0,
    "updated": 0
  },
  {
    "id": "c9b87557-46e2-44ec-bd1f-691f39a5a5da",
    "data": [
      {
        "text": "пока спокойной ночи",
        "userDefined": false
      }
    ],
    "isTemplate": false,
    "count": 0,
    "updated": 0
  },
  {
    "id": "ce8225e6-1f2c-4453-af93-0f8a5ff05309",
    "data": [
      {
        "text": "доброй ночи и всего доброго",
        "userDefined": false
      }
    ],
    "isTemplate": false,
    "count": 0,
    "updated": 0
  },
  {
    "id": "f3f546ea-5b4a-4a88-bef1-bd968f12b3b9",
    "data": [
      {
        "text": "пока доброй ночи",
        "userDefined": false
      }
    ],
    "isTemplate": false,
    "count": 1,
    "updated": 0
  },
  {
    "id": "fbe13afd-050d-4e47-ab5b-38886a25cf58",
    "data": [
      {
        "text": "на сегодня всё спокойной ночи тебе",
        "userDefined": false
      }
    ],
    "isTemplate": false,
    "count": 0,
    "updated": 0
  },
  {
    "id": "9d12eea8-78d3-4ced-accf-cb05a4a74c0e",
    "data": [
      {
        "text": "и тебе спокойной ночи",
        "userDefined": false
      }
    ],
    "isTemplate": false,
    "count": 0,
    "updated": 0
  },
  {
    "id": "7e243245-48f3-4a8b-bc31-fb0da2ff7d3c",
    "data": [
      {
        "text": "уже ",
        "userDefined": false
      },
      {
        "text": "ночь",
        "meta": "@sys.ignore",
        "userDefined": false
      },
      {
        "text": " спокойной ",
        "userDefined": false
      },
      {
        "text": "ночи",
        "meta": "@sys.ignore",
        "userDefined": false
      }
    ],
    "isTemplate": false,
    "count": 0,
    "updated": 0
  },
  {
    "id": "cb3ab478-22ad-44ee-bb57-1fb1bb1abc31",
    "data": [
      {
        "text": "спокойной",
        "meta": "@sys.ignore",
        "userDefined": false
      },
      {
        "text": " ночи увидимся завтра",
        "userDefined": false
      }
    ],
    "isTemplate": false,
    "count": 0,
    "updated": 0
  },
  {
    "id": "b40eecf1-20bb-4778-9629-05178ebd03ea",
    "data": [
      {
        "text": "до завтра спокойной ночи",
        "userDefined": false
      }
    ],
    "isTemplate": false,
    "count": 0,
    "updated": 0
  }
]