[
  {
    "id": "c0fa7035-5039-4258-9947-b2a1394a4fa6",
    "data": [
      {
        "text": "я шучу",
        "userDefined": false
      }
    ],
    "isTemplate": false,
    "count": 0,
    "updated": 0
  },
  {
    "id": "5bf90415-3ecf-4324-851c-46230c7e63a6",
    "data": [
      {
        "text": "я пошутил",
        "userDefined": false
      }
    ],
    "isTemplate": false,
    "count": 0,
    "updated": 0
  },
  {
    "id": "50d973db-69d5-459b-a9a1-83119f405ad4",
    "data": [
      {
        "text": "я просто пошутила",
        "userDefined": false
      }
    ],
    "isTemplate": false,
    "count": 0,
    "updated": 0
  },
  {
    "id": "8eae0215-733a-4d8b-a20c-977d62b3a13e",
    "data": [
      {
        "text": "это была шутка",
        "userDefined": false
      }
    ],
    "isTemplate": false,
    "count": 0,
    "updated": 0
  },
  {
    "id": "914388ac-8ac7-4bfd-9e4f-d5ade148f949",
    "data": [
      {
        "text": "шучу",
        "userDefined": false
      }
    ],
    "isTemplate": false,
    "count": 0,
    "updated": 0
  },
  {
    "id": "2d7afa33-5a34-4061-9e1c-c04bf93d16dd",
    "data": [
      {
        "text": "это шуточка",
        "userDefined": false
      }
    ],
    "isTemplate": false,
    "count": 0,
    "updated": 0
  },
  {
    "id": "02c16ff1-bc0f-483f-b8e5-2c85088eee28",
    "data": [
      {
        "text": "подшутила над тобой",
        "userDefined": false
      }
    ],
    "isTemplate": false,
    "count": 0,
    "updated": 0
  },
  {
    "id": "c2c5e1f1-b342-4ba5-b097-f34067bc90be",
    "data": [
      {
        "text": "я тебя разыграл",
        "userDefined": false
      }
    ],
    "isTemplate": false,
    "count": 0,
    "updated": 0
  },
  {
    "id": "d2b7fc0f-5845-4554-89a4-4e9c8b5b93b4",
    "data": [
      {
        "text": "одурачил тебя",
        "userDefined": false
      }
    ],
    "isTemplate": false,
    "count": 0,
    "updated": 0
  },
  {
    "id": "5f4fca52-cd9f-4d77-9ece-3db4dc5e7993",
    "data": [
      {
        "text": "шутки шуточки",
        "userDefined": false
      }
    ],
    "isTemplate": false,
    "count": 0,
    "updated": 0
  },
  {
    "id": "c02ebfc8-5900-4d99-bd43-d574f4e0fc19",
    "data": [
      {
        "text": "я просто игрался с тобой",
        "userDefined": false
      }
    ],
    "isTemplate": false,
    "count": 0,
    "updated": 0
  }
]