[
  {
    "id": "5450e093-a0e4-47db-aa54-6f7c00bb64ef",
    "data": [
      {
        "text": "постой",
        "userDefined": false
      }
    ],
    "isTemplate": false,
    "count": 0,
    "updated": 0
  },
  {
    "id": "3bace831-0d2e-4b11-ad52-5e9cecb38feb",
    "data": [
      {
        "text": "подожди секундочку",
        "userDefined": false
      }
    ],
    "isTemplate": false,
    "count": 0,
    "updated": 0
  },
  {
    "id": "96f8ea16-36b1-4b18-b9dd-3ebe98fa9f00",
    "data": [
      {
        "text": "можешь подождать",
        "userDefined": false
      }
    ],
    "isTemplate": false,
    "count": 0,
    "updated": 0
  },
  {
    "id": "bb24301f-3095-4f4a-9a61-3a0df96358e9",
    "data": [
      {
        "text": "подожи пожалуйста",
        "userDefined": false
      }
    ],
    "isTemplate": false,
    "count": 0,
    "updated": 0
  },
  {
    "id": "0cc70565-58ce-4845-9700-01977b3181f4",
    "data": [
      {
        "text": "погоди",
        "userDefined": false
      }
    ],
    "isTemplate": false,
    "count": 0,
    "updated": 0
  },
  {
    "id": "5a030ee4-8b4c-434a-a746-f4bfc223319d",
    "data": [
      {
        "text": "притормози",
        "userDefined": false
      }
    ],
    "isTemplate": false,
    "count": 0,
    "updated": 0
  },
  {
    "id": "1d0fc6c1-2d95-48cf-b5da-3a64cb8f4017",
    "data": [
      {
        "text": "подождите",
        "userDefined": false
      }
    ],
    "isTemplate": false,
    "count": 0,
    "updated": 0
  },
  {
    "id": "5d9a28d4-5d2a-44dc-b361-5988adf24e11",
    "data": [
      {
        "text": "постой подожди",
        "userDefined": false
      }
    ],
    "isTemplate": false,
    "count": 0,
    "updated": 0
  },
  {
    "id": "482fd030-e800-4b7b-9c14-267ea85a8d61",
    "data": [
      {
        "text": "не торопись",
        "userDefined": false
      }
    ],
    "isTemplate": false,
    "count": 0,
    "updated": 0
  }
]