[
  {
    "id": "8bdde4e4-a3d5-4f6a-a4c2-613ef622663c",
    "data": [
      {
        "text": "чувствую одиночество",
        "userDefined": false
      }
    ],
    "isTemplate": false,
    "count": 0,
    "updated": 0
  },
  {
    "id": "18008274-17df-4924-b2d6-75fe84da81d4",
    "data": [
      {
        "text": "я ощущаю себя одиноким",
        "userDefined": false
      }
    ],
    "isTemplate": false,
    "count": 0,
    "updated": 0
  },
  {
    "id": "ab666763-6c11-4fb8-9051-c1921fcabbed",
    "data": [
      {
        "text": "мне одиноко",
        "userDefined": false
      }
    ],
    "isTemplate": false,
    "count": 0,
    "updated": 0
  },
  {
    "id": "f19e8a65-1032-4f83-9ccb-103a524c95d2",
    "data": [
      {
        "text": "я чувствую себя одиноким",
        "userDefined": false
      }
    ],
    "isTemplate": false,
    "count": 0,
    "updated": 0
  },
  {
    "id": "8899ae14-b125-48ba-8495-26395df637d2",
    "data": [
      {
        "text": "мне так одиноко",
        "userDefined": false
      }
    ],
    "isTemplate": false,
    "count": 0,
    "updated": 0
  },
  {
    "id": "f4d299b9-ff8e-4c1a-b90a-1a66765fe1e0",
    "data": [
      {
        "text": "мне действительно одиноко",
        "userDefined": false
      }
    ],
    "isTemplate": false,
    "count": 0,
    "updated": 0
  },
  {
    "id": "75614868-2f4b-4622-ad7e-52895c9d81bd",
    "data": [
      {
        "text": "я чувствую себя таким одиноким",
        "userDefined": false
      }
    ],
    "isTemplate": false,
    "count": 0,
    "updated": 0
  },
  {
    "id": "ca243610-77b8-440e-acc8-16eede93c390",
    "data": [
      {
        "text": "чувствую себя одиноко",
        "userDefined": false
      }
    ],
    "isTemplate": false,
    "count": 0,
    "updated": 0
  }
]