[
  {
    "id": "7d0b0d93-fde5-4221-abb2-ca73bb8d407e",
    "data": [
      {
        "text": "плохо",
        "userDefined": false
      }
    ],
    "isTemplate": false,
    "count": 0,
    "updated": 0
  },
  {
    "id": "83c455f0-da29-4902-86a8-ff964d72f4f4",
    "data": [
      {
        "text": "это плохо",
        "userDefined": false
      }
    ],
    "isTemplate": false,
    "count": 0,
    "updated": 0
  },
  {
    "id": "7b88af78-4dde-4aa2-9f08-b457eb16ab5d",
    "data": [
      {
        "text": "это было плохо",
        "userDefined": false
      }
    ],
    "isTemplate": false,
    "count": 1,
    "updated": 0
  },
  {
    "id": "903c36ff-2931-42bc-87f5-f0272c54271c",
    "data": [
      {
        "text": "плохой ответ",
        "userDefined": false
      }
    ],
    "isTemplate": false,
    "count": 0,
    "updated": 0
  },
  {
    "id": "6d65e08c-d2fc-4ba6-a75d-a5cd6345b1eb",
    "data": [
      {
        "text": "боюсь это не так",
        "userDefined": false
      }
    ],
    "isTemplate": false,
    "count": 0,
    "updated": 0
  },
  {
    "id": "7ddacb0a-2156-4663-bea8-37d5550a03ce",
    "data": [
      {
        "text": "очень плохо",
        "userDefined": false
      }
    ],
    "isTemplate": false,
    "count": 0,
    "updated": 0
  },
  {
    "id": "c415f7a8-f7f6-44fa-b177-90f280bc058b",
    "data": [
      {
        "text": "слишком плохо",
        "userDefined": false
      }
    ],
    "isTemplate": false,
    "count": 0,
    "updated": 0
  },
  {
    "id": "6d60c70a-98af-4d7f-8ca5-4233fe9e5257",
    "data": [
      {
        "text": "ужасно",
        "userDefined": false
      }
    ],
    "isTemplate": false,
    "count": 0,
    "updated": 0
  },
  {
    "id": "000d779e-9c79-4163-8772-8a4cf14d80e3",
    "data": [
      {
        "text": "отвратительно",
        "userDefined": false
      }
    ],
    "isTemplate": false,
    "count": 0,
    "updated": 0
  },
  {
    "id": "dc08b94f-0fa5-4908-80a1-0c01ef7eb9e3",
    "data": [
      {
        "text": "невероятно плохо",
        "userDefined": false
      }
    ],
    "isTemplate": false,
    "count": 0,
    "updated": 0
  },
  {
    "id": "9604b773-f5d5-4366-80eb-58ecd3d9fb67",
    "data": [
      {
        "text": "крайне плохо",
        "userDefined": false
      }
    ],
    "isTemplate": false,
    "count": 0,
    "updated": 0
  },
  {
    "id": "65c2d302-79c8-4824-9c81-20330d328f9e",
    "data": [
      {
        "text": "крайне отвратительно",
        "userDefined": false
      }
    ],
    "isTemplate": false,
    "count": 0,
    "updated": 0
  },
  {
    "id": "b69c565f-9159-4866-b44a-e1c46b25f0c6",
    "data": [
      {
        "text": "ничего хорошего",
        "userDefined": false
      }
    ],
    "isTemplate": false,
    "count": 0,
    "updated": 0
  },
  {
    "id": "29e57ee5-e91a-4044-9f00-5f21caa20300",
    "data": [
      {
        "text": "недостаточно хорошо",
        "userDefined": false
      }
    ],
    "isTemplate": false,
    "count": 0,
    "updated": 0
  },
  {
    "id": "46da2452-8701-46f6-a157-648c0f5d3e73",
    "data": [
      {
        "text": "неубедительно",
        "userDefined": false
      }
    ],
    "isTemplate": false,
    "count": 0,
    "updated": 0
  },
  {
    "id": "94b1d404-0ebf-4e6e-b0d8-dd06d3f539e0",
    "data": [
      {
        "text": "это было ужасно плохо",
        "userDefined": false
      }
    ],
    "isTemplate": false,
    "count": 0,
    "updated": 0
  },
  {
    "id": "cd75a47b-dac3-46e4-a34b-e5836e202af0",
    "data": [
      {
        "text": "было ужасно",
        "userDefined": false
      }
    ],
    "isTemplate": false,
    "count": 0,
    "updated": 0
  },
  {
    "id": "baa7f5d0-189d-411d-a154-17d848dcede3",
    "data": [
      {
        "text": "да уж плохо",
        "userDefined": false
      }
    ],
    "isTemplate": false,
    "count": 0,
    "updated": 0
  },
  {
    "id": "42f73605-e8e7-4ad3-8174-0a947d5bfb43",
    "data": [
      {
        "text": "действительно ужасно",
        "userDefined": false
      }
    ],
    "isTemplate": false,
    "count": 0,
    "updated": 0
  },
  {
    "id": "e32e912d-3c7c-45d3-92e9-7cb3c3f959f8",
    "data": [
      {
        "text": "плохо очень плохо",
        "userDefined": false
      }
    ],
    "isTemplate": false,
    "count": 0,
    "updated": 0
  },
  {
    "id": "289ae697-6e8f-40b0-855a-fa572093f332",
    "data": [
      {
        "text": "ужаснее не бывает",
        "userDefined": false
      }
    ],
    "isTemplate": false,
    "count": 0,
    "updated": 0
  },
  {
    "id": "5272d6a3-981b-458d-a166-51a7337dc8ac",
    "data": [
      {
        "text": "ну очень плохо",
        "userDefined": false
      }
    ],
    "isTemplate": false,
    "count": 0,
    "updated": 0
  },
  {
    "id": "2d1cd6a8-6b72-4999-81d4-9cc0442c1ef8",
    "data": [
      {
        "text": "так плохо",
        "userDefined": false
      }
    ],
    "isTemplate": false,
    "count": 0,
    "updated": 0
  },
  {
    "id": "afbf7397-8709-4bb4-a3c8-12dec99c8b43",
    "data": [
      {
        "text": "это была плохая идея",
        "userDefined": false
      }
    ],
    "isTemplate": false,
    "count": 0,
    "updated": 0
  },
  {
    "id": "a86a8777-6633-4c5c-8313-02250f41b2a2",
    "data": [
      {
        "text": "ужасная идея",
        "userDefined": false
      }
    ],
    "isTemplate": false,
    "count": 0,
    "updated": 0
  },
  {
    "id": "071d0bf6-78ac-45da-9708-c4016e38b976",
    "data": [
      {
        "text": "ужас",
        "userDefined": false
      }
    ],
    "isTemplate": false,
    "count": 0,
    "updated": 0
  },
  {
    "id": "faa423db-c98c-43be-a4e0-3683be6ec078",
    "data": [
      {
        "text": "недостаточно хороший",
        "userDefined": false
      }
    ],
    "isTemplate": false,
    "count": 0,
    "updated": 0
  },
  {
    "id": "e5afea93-a629-4ad1-b49f-ce10f25fa165",
    "data": [
      {
        "text": "довольно-таки плохо",
        "userDefined": false
      }
    ],
    "isTemplate": false,
    "count": 0,
    "updated": 0
  },
  {
    "id": "f54faab4-d824-4ec6-bea1-c07d916d0115",
    "data": [
      {
        "text": "так жутко",
        "userDefined": false
      }
    ],
    "isTemplate": false,
    "count": 0,
    "updated": 0
  },
  {
    "id": "715ffb61-59cd-4944-a949-13834cd8e1e0",
    "data": [
      {
        "text": "безобразно",
        "userDefined": false
      }
    ],
    "isTemplate": false,
    "count": 0,
    "updated": 0
  },
  {
    "id": "405675e6-5339-42c9-bf77-0440369cb7f5",
    "data": [
      {
        "text": "так ужасно",
        "userDefined": false
      }
    ],
    "isTemplate": false,
    "count": 0,
    "updated": 0
  }
]