[
  {
    "id": "259bf8b5-62e5-4567-a346-3fe3d0d140b7",
    "data": [
      {
        "text": "what do you mean",
        "userDefined": false
      }
    ],
    "isTemplate": false,
    "count": 0,
    "updated": 0
  },
  {
    "id": "93cbefdb-b5af-436e-8077-91a89bb349e8",
    "data": [
      {
        "text": "but what do you mean",
        "userDefined": false
      }
    ],
    "isTemplate": false,
    "count": 0,
    "updated": 0
  },
  {
    "id": "984f670f-e43c-4a48-8dc8-bd42ebade0b2",
    "data": [
      {
        "text": "what do you mean exactly",
        "userDefined": false
      }
    ],
    "isTemplate": false,
    "count": 0,
    "updated": 0
  },
  {
    "id": "fe3b38ab-8f82-48ac-9189-e13c7f1143e6",
    "data": [
      {
        "text": "is that what you mean",
        "userDefined": false
      }
    ],
    "isTemplate": false,
    "count": 0,
    "updated": 0
  },
  {
    "id": "cdd0712a-0140-4d2b-b063-723c558ae9e5",
    "data": [
      {
        "text": "what exactly do you mean",
        "userDefined": false
      }
    ],
    "isTemplate": false,
    "count": 1,
    "updated": 0
  }
]