[
  {
    "id": "19c6d1b4-84e3-4f94-b33a-390939211122",
    "data": [
      {
        "text": "страдаю от бессоницы",
        "userDefined": false
      }
    ],
    "isTemplate": false,
    "count": 0,
    "updated": 0
  },
  {
    "id": "55431ce3-f983-459e-bd93-10d970ad1f0f",
    "data": [
      {
        "text": "не могу уснуть",
        "userDefined": false
      }
    ],
    "isTemplate": false,
    "count": 0,
    "updated": 0
  },
  {
    "id": "bf9f9a5b-f445-4996-ae7d-25d906643a4b",
    "data": [
      {
        "text": "не могу заснуть",
        "userDefined": false
      }
    ],
    "isTemplate": false,
    "count": 0,
    "updated": 0
  },
  {
    "id": "2604b40a-6457-4941-84be-1e5b1b708f35",
    "data": [
      {
        "text": "никак не могу уснуть",
        "userDefined": false
      }
    ],
    "isTemplate": false,
    "count": 0,
    "updated": 0
  },
  {
    "id": "1ce1401e-36c0-4ef0-ad3e-5c4e4807c1d7",
    "data": [
      {
        "text": "не могу выспаться",
        "userDefined": false
      }
    ],
    "isTemplate": false,
    "count": 0,
    "updated": 0
  },
  {
    "id": "733c421e-73d8-4dcf-bfae-5ae3b9601425",
    "data": [
      {
        "text": "бессонница",
        "userDefined": false
      }
    ],
    "isTemplate": false,
    "count": 0,
    "updated": 0
  }
]