[
  {
    "id": "05ee6e47-29e1-4abf-9375-15be24170b5b",
    "data": [
      {
        "text": "can I speak",
        "userDefined": false
      }
    ],
    "isTemplate": false,
    "count": 0,
    "updated": 0
  },
  {
    "id": "ebb837ee-9ca1-4c86-83c5-eda0eed8fb4f",
    "data": [
      {
        "text": "can I start speaking",
        "userDefined": false
      }
    ],
    "isTemplate": false,
    "count": 0,
    "updated": 0
  },
  {
    "id": "4675c1b6-7dd8-4527-bb64-24e33521b27c",
    "data": [
      {
        "text": "let\u0027s talk",
        "userDefined": false
      }
    ],
    "isTemplate": false,
    "count": 0,
    "updated": 0
  },
  {
    "id": "136a2f37-d243-44cc-859d-66e2e73f935b",
    "data": [
      {
        "text": "I just want to talk",
        "userDefined": false
      }
    ],
    "isTemplate": false,
    "count": 0,
    "updated": 0
  },
  {
    "id": "9fa30c26-7064-45e8-850d-67227456b4da",
    "data": [
      {
        "text": "I want to speak with you",
        "userDefined": false
      }
    ],
    "isTemplate": false,
    "count": 0,
    "updated": 0
  },
  {
    "id": "4dde0f05-a019-4dbb-bce6-c864a81d23e8",
    "data": [
      {
        "text": "let\u0027s have a discussion",
        "userDefined": false
      }
    ],
    "isTemplate": false,
    "count": 0,
    "updated": 0
  },
  {
    "id": "7904bcb5-e6e6-40c5-93dd-f568b90b8823",
    "data": [
      {
        "text": "let\u0027s discuss something",
        "userDefined": false
      }
    ],
    "isTemplate": false,
    "count": 1,
    "updated": 0
  },
  {
    "id": "e581fed5-9680-4a07-9f67-389c5aadd467",
    "data": [
      {
        "text": "can we chat",
        "userDefined": false
      }
    ],
    "isTemplate": false,
    "count": 0,
    "updated": 0
  },
  {
    "id": "3b12475f-1c24-4dd3-954d-44121a746f4f",
    "data": [
      {
        "text": "can we talk",
        "userDefined": false
      }
    ],
    "isTemplate": false,
    "count": 0,
    "updated": 0
  },
  {
    "id": "b8372be6-3026-4dd2-894e-acd7ee9992b7",
    "data": [
      {
        "text": "I need to talk to you",
        "userDefined": false
      }
    ],
    "isTemplate": false,
    "count": 0,
    "updated": 0
  },
  {
    "id": "38fe594f-385c-4577-8259-8193084fa359",
    "data": [
      {
        "text": "I want to talk to you",
        "userDefined": false
      }
    ],
    "isTemplate": false,
    "count": 0,
    "updated": 0
  }
]