[
  {
    "id": "9885211c-40ac-4cbb-b7ba-034952540ca1",
    "data": [
      {
        "text": "совсем скоро буду снова здесь",
        "userDefined": false
      }
    ],
    "isTemplate": false,
    "count": 0,
    "updated": 0
  },
  {
    "id": "966f85fa-599c-4132-b366-cd19d36c9889",
    "data": [
      {
        "text": "я вернусь к тебе очень скоро",
        "userDefined": false
      }
    ],
    "isTemplate": false,
    "count": 0,
    "updated": 0
  },
  {
    "id": "2d3e1afc-813e-4597-8410-3cbf0a068a9c",
    "data": [
      {
        "text": "скоро вернусь",
        "userDefined": false
      }
    ],
    "isTemplate": false,
    "count": 0,
    "updated": 0
  },
  {
    "id": "5379cfaf-6941-4a84-8266-ff6dacf04e27",
    "data": [
      {
        "text": "я вернусь к тебе через минуту",
        "userDefined": false
      }
    ],
    "isTemplate": false,
    "count": 0,
    "updated": 0
  },
  {
    "id": "7adb24f4-f04f-4bcc-af95-84ea27e21228",
    "data": [
      {
        "text": "буду снова здесь через 5 минут",
        "userDefined": false
      }
    ],
    "isTemplate": false,
    "count": 0,
    "updated": 0
  },
  {
    "id": "ea7fe514-6ca4-4dfb-9457-641bb3c3f446",
    "data": [
      {
        "text": "скоро буду",
        "userDefined": false
      }
    ],
    "isTemplate": false,
    "count": 0,
    "updated": 0
  },
  {
    "id": "79088f66-c539-4a74-8e3f-4d7f65ad9153",
    "data": [
      {
        "text": "обещаю скоро вернусь",
        "userDefined": false
      }
    ],
    "isTemplate": false,
    "count": 0,
    "updated": 0
  },
  {
    "id": "d9db3df4-c293-429d-9f41-b6eabdedfd4c",
    "data": [
      {
        "text": "я вернусь через несколько минут",
        "userDefined": false
      }
    ],
    "isTemplate": false,
    "count": 0,
    "updated": 0
  }
]