[
  {
    "id": "a4f5d298-ed8e-40ca-ad5a-8c6f231dc80d",
    "data": [
      {
        "text": "рад встрече с тобой",
        "userDefined": false
      }
    ],
    "isTemplate": false,
    "count": 0,
    "updated": 0
  },
  {
    "id": "c32ac5f6-81fa-45d4-ba8f-3967f343bef2",
    "data": [
      {
        "text": "рад знакомству",
        "userDefined": false
      }
    ],
    "isTemplate": false,
    "count": 0,
    "updated": 0
  },
  {
    "id": "0e6a7052-bdcd-4aba-8510-2a207a3ebd41",
    "data": [
      {
        "text": "очень рада знакомству с тобой",
        "userDefined": false
      }
    ],
    "isTemplate": false,
    "count": 0,
    "updated": 0
  },
  {
    "id": "1c7a3447-9901-4c8a-ab47-f62d2ef4151b",
    "data": [
      {
        "text": "приятно познакомиться",
        "userDefined": false
      }
    ],
    "isTemplate": false,
    "count": 0,
    "updated": 0
  },
  {
    "id": "db3c3b2a-312e-46de-aab9-16b7d743b5a8",
    "data": [
      {
        "text": "рада встрече",
        "userDefined": false
      }
    ],
    "isTemplate": false,
    "count": 0,
    "updated": 0
  },
  {
    "id": "b6e7b4f4-c1be-4c1a-89fa-2671e13d1b3b",
    "data": [
      {
        "text": "рад наконец с тобой познакомиться",
        "userDefined": false
      }
    ],
    "isTemplate": false,
    "count": 0,
    "updated": 0
  },
  {
    "id": "17f679f3-4eff-4253-b713-f18c01ae812c",
    "data": [
      {
        "text": "приятно было познакомиться",
        "userDefined": false
      }
    ],
    "isTemplate": false,
    "count": 0,
    "updated": 0
  },
  {
    "id": "c85e4b7d-dda9-4b8e-9a07-05100b399e2a",
    "data": [
      {
        "text": "было приятно с тобой познакомиться",
        "userDefined": false
      }
    ],
    "isTemplate": false,
    "count": 0,
    "updated": 0
  },
  {
    "id": "58fa8c33-ba7b-459e-80ad-ef7fd3de1dab",
    "data": [
      {
        "text": "рада знакомству с тобой",
        "userDefined": false
      }
    ],
    "isTemplate": false,
    "count": 0,
    "updated": 0
  },
  {
    "id": "22d5c0e6-9aa9-46ec-bc59-5f89c4c810ce",
    "data": [
      {
        "text": "рад познакомиться",
        "userDefined": false
      }
    ],
    "isTemplate": false,
    "count": 0,
    "updated": 0
  }
]