[
  {
    "id": "dd8971ae-2e0a-4e3c-b0e9-2dd63aa9e8f6",
    "data": [
      {
        "text": "ты не прав",
        "userDefined": false
      }
    ],
    "isTemplate": false,
    "count": 0,
    "updated": 0
  },
  {
    "id": "fb39ee18-5868-4ef1-9bc7-e9d38941afb8",
    "data": [
      {
        "text": "неверно",
        "userDefined": false
      }
    ],
    "isTemplate": false,
    "count": 0,
    "updated": 0
  },
  {
    "id": "70f4a476-3bad-403c-9594-33eafe0566cc",
    "data": [
      {
        "text": "это неправильно",
        "userDefined": false
      }
    ],
    "isTemplate": false,
    "count": 0,
    "updated": 0
  },
  {
    "id": "6c0ec3f1-eaba-4301-a663-51091c672125",
    "data": [
      {
        "text": "это не так",
        "userDefined": false
      }
    ],
    "isTemplate": false,
    "count": 0,
    "updated": 0
  },
  {
    "id": "78f33e3e-fd0a-4a78-bd6f-b1f7b1a65e84",
    "data": [
      {
        "text": "это не совсем так",
        "userDefined": false
      }
    ],
    "isTemplate": false,
    "count": 0,
    "updated": 0
  },
  {
    "id": "91296375-cf00-451e-9db9-db7257120149",
    "data": [
      {
        "text": "это неверно",
        "userDefined": false
      }
    ],
    "isTemplate": false,
    "count": 0,
    "updated": 0
  },
  {
    "id": "5804b13f-b81b-442d-a2a8-7a3868a9f939",
    "data": [
      {
        "text": "неправильный ответ",
        "userDefined": false
      }
    ],
    "isTemplate": false,
    "count": 0,
    "updated": 0
  },
  {
    "id": "dc466be3-7b05-4056-89f3-ab5344dafcd1",
    "data": [
      {
        "text": "некорректно",
        "userDefined": false
      }
    ],
    "isTemplate": false,
    "count": 0,
    "updated": 0
  },
  {
    "id": "1be3ad00-0e31-427b-bc05-fc450300fa45",
    "data": [
      {
        "text": "не соответствует действительности",
        "userDefined": false
      }
    ],
    "isTemplate": false,
    "count": 0,
    "updated": 0
  },
  {
    "id": "ca937e57-1c15-4128-9b2b-f11d34a93621",
    "data": [
      {
        "text": "неправильно",
        "userDefined": false
      }
    ],
    "isTemplate": false,
    "count": 0,
    "updated": 0
  },
  {
    "id": "603586f5-bfaa-4e3f-9e4b-d89f5efc3470",
    "data": [
      {
        "text": "это было неправильным",
        "userDefined": false
      }
    ],
    "isTemplate": false,
    "count": 0,
    "updated": 0
  },
  {
    "id": "fdf85e0e-62b5-4aaf-9a47-f9224d531c85",
    "data": [
      {
        "text": "это не то о чём я спросил",
        "userDefined": false
      }
    ],
    "isTemplate": false,
    "count": 0,
    "updated": 0
  },
  {
    "id": "bf774fb9-04bd-4cca-a102-25a74fcb83fc",
    "data": [
      {
        "text": "это не то что я прошу",
        "userDefined": false
      }
    ],
    "isTemplate": false,
    "count": 0,
    "updated": 0
  }
]