[
  {
    "id": "49e0104a-86e4-4503-b87b-0b43df2ddf76",
    "data": [
      {
        "text": "I\u0027m here again",
        "userDefined": false
      }
    ],
    "isTemplate": false,
    "count": 0,
    "updated": 0
  },
  {
    "id": "38954094-abca-4faa-a3eb-624a37a6d063",
    "data": [
      {
        "text": "here I am again",
        "userDefined": false
      }
    ],
    "isTemplate": false,
    "count": 0,
    "updated": 0
  },
  {
    "id": "fe66cda5-bec7-4e01-b782-a688d4c108ac",
    "data": [
      {
        "text": "I got back",
        "userDefined": false
      }
    ],
    "isTemplate": false,
    "count": 0,
    "updated": 0
  },
  {
    "id": "9f9309a0-b84a-4a35-84f8-687bdcc8e8df",
    "data": [
      {
        "text": "I have returned",
        "userDefined": false
      }
    ],
    "isTemplate": false,
    "count": 0,
    "updated": 0
  },
  {
    "id": "69627637-f249-4e81-94ec-7b0aaf512e8f",
    "data": [
      {
        "text": "I am back",
        "userDefined": false
      }
    ],
    "isTemplate": false,
    "count": 0,
    "updated": 0
  },
  {
    "id": "9651103f-4be5-4521-b36e-d77f7d0c8419",
    "data": [
      {
        "text": "I came back",
        "userDefined": false
      }
    ],
    "isTemplate": false,
    "count": 0,
    "updated": 0
  }
]