[
  {
    "id": "53b52368-7413-4a3a-826e-f68feb46ea83",
    "data": [
      {
        "text": "извини меня",
        "userDefined": false
      }
    ],
    "isTemplate": false,
    "count": 1,
    "updated": 0
  },
  {
    "id": "46c78bf9-26f9-4692-9139-7571f1b3832e",
    "data": [
      {
        "text": "извиняюсь",
        "userDefined": false
      }
    ],
    "isTemplate": false,
    "count": 0,
    "updated": 0
  },
  {
    "id": "bce293db-8518-412b-9738-acb03c9cee07",
    "data": [
      {
        "text": "прости",
        "userDefined": false
      }
    ],
    "isTemplate": false,
    "count": 0,
    "updated": 0
  },
  {
    "id": "f62e82f8-eb0b-4e22-8849-bea338b93d07",
    "data": [
      {
        "text": "прошу прощения",
        "userDefined": false
      }
    ],
    "isTemplate": false,
    "count": 0,
    "updated": 0
  },
  {
    "id": "4b3350a7-9c80-4959-ab8d-ec88e67924e7",
    "data": [
      {
        "text": "я сожалею",
        "userDefined": false
      }
    ],
    "isTemplate": false,
    "count": 1,
    "updated": 0
  },
  {
    "id": "add5731d-5acb-4917-a386-fef109d6f587",
    "data": [
      {
        "text": "я так сожалею",
        "userDefined": false
      }
    ],
    "isTemplate": false,
    "count": 0,
    "updated": 0
  },
  {
    "id": "1051ee2f-9903-491f-8242-c0626b4e038e",
    "data": [
      {
        "text": "мне так жаль",
        "userDefined": false
      }
    ],
    "isTemplate": false,
    "count": 0,
    "updated": 0
  },
  {
    "id": "c6b3da33-b760-4ccc-af7d-9c317785d505",
    "data": [
      {
        "text": "прими мои извинения",
        "userDefined": false
      }
    ],
    "isTemplate": false,
    "count": 0,
    "updated": 0
  },
  {
    "id": "c2da86c6-b79f-47cf-9475-3aec64019e71",
    "data": [
      {
        "text": "прошу тебя извини меня",
        "userDefined": false
      }
    ],
    "isTemplate": false,
    "count": 0,
    "updated": 0
  },
  {
    "id": "960f3b66-12f4-4dc5-aa9e-9b7ee01d0d0a",
    "data": [
      {
        "text": "прости меня",
        "userDefined": false
      }
    ],
    "isTemplate": false,
    "count": 1,
    "updated": 0
  },
  {
    "id": "0fe240e8-0ae7-4fba-8e82-0062abbb68f3",
    "data": [
      {
        "text": "я сказал прости",
        "userDefined": false
      }
    ],
    "isTemplate": false,
    "count": 1,
    "updated": 0
  },
  {
    "id": "26587e0a-0639-49b1-8b7d-95fce1ac5ad6",
    "data": [
      {
        "text": "мне действительно жаль",
        "userDefined": false
      }
    ],
    "isTemplate": false,
    "count": 0,
    "updated": 0
  },
  {
    "id": "d1a4d3d6-8cf7-4f9d-b0f4-b44fb9391a46",
    "data": [
      {
        "text": "говорю же извини",
        "userDefined": false
      }
    ],
    "isTemplate": false,
    "count": 0,
    "updated": 0
  },
  {
    "id": "ec9c563f-47e8-4188-9dff-e8f0fa9763ab",
    "data": [
      {
        "text": "мне правда жаль",
        "userDefined": false
      }
    ],
    "isTemplate": false,
    "count": 0,
    "updated": 0
  },
  {
    "id": "45af4585-5d7d-4ddb-b2a9-04e230cb3790",
    "data": [
      {
        "text": "вот насчёт этого я сожалею",
        "userDefined": false
      }
    ],
    "isTemplate": false,
    "count": 0,
    "updated": 0
  },
  {
    "id": "ea1c8f7b-780c-4fee-a242-8ea654582ccb",
    "data": [
      {
        "text": "жаль",
        "userDefined": false
      }
    ],
    "isTemplate": false,
    "count": 0,
    "updated": 0
  },
  {
    "id": "f76c81b1-a8e2-466d-aaf4-c9d56a77f3d2",
    "data": [
      {
        "text": "правда жаль",
        "userDefined": false
      }
    ],
    "isTemplate": false,
    "count": 0,
    "updated": 0
  },
  {
    "id": "4be6cbbd-ee2f-40ea-ab28-448948419bb6",
    "data": [
      {
        "text": "очень извиняюсь",
        "userDefined": false
      }
    ],
    "isTemplate": false,
    "count": 0,
    "updated": 0
  },
  {
    "id": "84c7bf4c-85af-4891-beed-35e0e9d3c646",
    "data": [
      {
        "text": "хорошо прости",
        "userDefined": false
      }
    ],
    "isTemplate": false,
    "count": 0,
    "updated": 0
  },
  {
    "id": "3eb1c32f-b9f1-4d5e-95b7-5e4e28c4e634",
    "data": [
      {
        "text": "хочу перед тобой извиниться",
        "userDefined": false
      }
    ],
    "isTemplate": false,
    "count": 0,
    "updated": 0
  },
  {
    "id": "d2755dda-2a83-42e5-b199-fba861dfdb46",
    "data": [
      {
        "text": "хорошо мне жаль",
        "userDefined": false
      }
    ],
    "isTemplate": false,
    "count": 1,
    "updated": 0
  },
  {
    "id": "98654c0b-3b56-4ca7-91cc-4466d7746077",
    "data": [
      {
        "text": "окей я прошу прощения",
        "userDefined": false
      }
    ],
    "isTemplate": false,
    "count": 0,
    "updated": 0
  }
]