[
  {
    "id": "a1f09936-35f2-4309-82b9-3cadd04d921f",
    "data": [
      {
        "text": "уточни о чём ты",
        "userDefined": false
      }
    ],
    "isTemplate": false,
    "count": 0,
    "updated": 0
  },
  {
    "id": "81db823e-643c-4827-931d-b9beada6bf03",
    "data": [
      {
        "text": "поясни что ты хотел сказать",
        "userDefined": false
      }
    ],
    "isTemplate": false,
    "count": 0,
    "updated": 0
  },
  {
    "id": "c5223c17-029f-412d-ad44-8217896c733e",
    "data": [
      {
        "text": "что ты имеешь в виду",
        "userDefined": false
      }
    ],
    "isTemplate": false,
    "count": 1,
    "updated": 0
  },
  {
    "id": "d1feae33-0c2b-4998-8b62-846e127f42ea",
    "data": [
      {
        "text": "что ты хочешь этим сказать",
        "userDefined": false
      }
    ],
    "isTemplate": false,
    "count": 0,
    "updated": 0
  },
  {
    "id": "619303e7-4377-4452-91b9-157365c7ed06",
    "data": [
      {
        "text": "ты это имела в виду",
        "userDefined": false
      }
    ],
    "isTemplate": false,
    "count": 0,
    "updated": 0
  },
  {
    "id": "ae0a0706-aa18-47b3-8f1a-0e08d14c3d14",
    "data": [
      {
        "text": "ты что имела в виду",
        "userDefined": false
      }
    ],
    "isTemplate": false,
    "count": 0,
    "updated": 0
  },
  {
    "id": "70271020-4fba-4875-aacf-5372e2778259",
    "data": [
      {
        "text": "поясни что ты имела в виду",
        "userDefined": false
      }
    ],
    "isTemplate": false,
    "count": 0,
    "updated": 0
  }
]