[
  {
    "id": "1ad2cb94-9bdf-4c81-85e8-fcc9e799e572",
    "data": [
      {
        "text": "доброе утро",
        "userDefined": false
      }
    ],
    "isTemplate": false,
    "count": 0,
    "updated": 0
  },
  {
    "id": "8a30a401-3026-420c-9b92-c2ae2360f933",
    "data": [
      {
        "text": "с добрым утром",
        "userDefined": false
      }
    ],
    "isTemplate": false,
    "count": 0,
    "updated": 0
  },
  {
    "id": "0531f049-cd60-485a-b86e-8c18bd58f71d",
    "data": [
      {
        "text": "привет с добрым утром",
        "userDefined": false
      }
    ],
    "isTemplate": false,
    "count": 0,
    "updated": 0
  },
  {
    "id": "54ab8af7-d757-4984-8218-16e9b81e27da",
    "data": [
      {
        "text": "хорошего утра",
        "userDefined": false
      }
    ],
    "isTemplate": false,
    "count": 0,
    "updated": 0
  },
  {
    "id": "4f83e566-26f2-452a-b755-e80c50faa37a",
    "data": [
      {
        "text": "прекрасного утра",
        "userDefined": false
      }
    ],
    "isTemplate": false,
    "count": 0,
    "updated": 0
  },
  {
    "id": "0f833b3b-8e7c-4bb8-bcb2-a99cf4d825ef",
    "data": [
      {
        "text": "с",
        "meta": "@sys.ignore",
        "userDefined": false
      },
      {
        "text": " добрым утром тебя",
        "userDefined": false
      }
    ],
    "isTemplate": false,
    "count": 0,
    "updated": 0
  },
  {
    "id": "d7b06caf-5d67-4c8c-9b82-161304a120e3",
    "data": [
      {
        "text": "добрейшего утра",
        "userDefined": false
      }
    ],
    "isTemplate": false,
    "count": 0,
    "updated": 0
  },
  {
    "id": "18c7a1bb-af25-4513-9568-51efc3bfb65d",
    "data": [
      {
        "text": "утро доброе",
        "userDefined": false
      }
    ],
    "isTemplate": false,
    "count": 0,
    "updated": 0
  },
  {
    "id": "bc5a21eb-9ab4-4b64-87b8-fef321a6033f",
    "data": [
      {
        "text": "доброго утра",
        "userDefined": false
      }
    ],
    "isTemplate": false,
    "count": 0,
    "updated": 0
  },
  {
    "id": "776512e7-9d6d-4220-bb9e-3a20403b18a4",
    "data": [
      {
        "text": "доброго тебе утра",
        "userDefined": false
      }
    ],
    "isTemplate": false,
    "count": 0,
    "updated": 0
  },
  {
    "id": "cfc7e3b7-45dc-474c-8085-bcd911606b12",
    "data": [
      {
        "text": "утро доброе утро",
        "userDefined": false
      }
    ],
    "isTemplate": false,
    "count": 0,
    "updated": 0
  },
  {
    "id": "de728324-057a-470c-b2e7-45b3834e8e1c",
    "data": [
      {
        "text": "привет и хорошего утра тебе",
        "userDefined": false
      }
    ],
    "isTemplate": false,
    "count": 0,
    "updated": 0
  },
  {
    "id": "53c1a842-6318-40ef-8a2b-af6be7b45d09",
    "data": [
      {
        "text": "и тебя с добрым утром",
        "userDefined": false
      }
    ],
    "isTemplate": false,
    "count": 0,
    "updated": 0
  }
]