[
  {
    "id": "add30176-ab1f-4640-bc83-96f1caf65759",
    "data": [
      {
        "text": "могу я поговорить с тобой",
        "userDefined": false
      }
    ],
    "isTemplate": false,
    "count": 0,
    "updated": 0
  },
  {
    "id": "6a78c2b3-caf8-46a6-a5ae-93f3f5b30f1c",
    "data": [
      {
        "text": "можем поговорить",
        "userDefined": false
      }
    ],
    "isTemplate": false,
    "count": 0,
    "updated": 0
  },
  {
    "id": "ad939051-e966-4e59-80f9-58295e0fe9ca",
    "data": [
      {
        "text": "давай поговорим",
        "userDefined": false
      }
    ],
    "isTemplate": false,
    "count": 0,
    "updated": 0
  },
  {
    "id": "1938eead-f63a-44ba-bfbb-c18c310298c4",
    "data": [
      {
        "text": "хочу поговорить с тобой",
        "userDefined": false
      }
    ],
    "isTemplate": false,
    "count": 0,
    "updated": 0
  },
  {
    "id": "ba0d9a3e-0a51-45dc-9d66-049ac563dcae",
    "data": [
      {
        "text": "мне нужно с тобой поговорить",
        "userDefined": false
      }
    ],
    "isTemplate": false,
    "count": 0,
    "updated": 0
  },
  {
    "id": "a3174b47-c462-483a-b522-b24fffd977fb",
    "data": [
      {
        "text": "я хочу поговорить с тобой",
        "userDefined": false
      }
    ],
    "isTemplate": false,
    "count": 0,
    "updated": 0
  },
  {
    "id": "8974b298-a550-456a-b8a1-e561a3e8941f",
    "data": [
      {
        "text": "хочешь поболтать",
        "userDefined": false
      }
    ],
    "isTemplate": false,
    "count": 0,
    "updated": 0
  },
  {
    "id": "00c1e6a2-de6b-41f0-a3ab-b1b4575713e1",
    "data": [
      {
        "text": "может поболтаем",
        "userDefined": false
      }
    ],
    "isTemplate": false,
    "count": 0,
    "updated": 0
  }
]