[
  {
    "id": "bec2388d-3172-4196-bdc5-b247582992f5",
    "data": [
      {
        "text": "мне скучно",
        "userDefined": false
      }
    ],
    "isTemplate": false,
    "count": 0,
    "updated": 0
  },
  {
    "id": "9fea5c4d-696a-487f-a7ca-5bd1c6f70d07",
    "data": [
      {
        "text": "скука",
        "userDefined": false
      }
    ],
    "isTemplate": false,
    "count": 0,
    "updated": 0
  },
  {
    "id": "6ac521c4-85c0-4d2c-9a45-a1dde52fae83",
    "data": [
      {
        "text": "ты",
        "meta": "@sys.ignore",
        "userDefined": false
      },
      {
        "text": " скучная",
        "userDefined": false
      }
    ],
    "isTemplate": false,
    "count": 0,
    "updated": 0
  },
  {
    "id": "3f74213c-f236-498c-a638-769bebfcbb11",
    "data": [
      {
        "text": "ты мне наскучил",
        "userDefined": false
      }
    ],
    "isTemplate": false,
    "count": 0,
    "updated": 0
  },
  {
    "id": "6ab317e2-d933-4f69-9fa3-e033dcfe3edd",
    "data": [
      {
        "text": "это скучно",
        "userDefined": false
      }
    ],
    "isTemplate": false,
    "count": 0,
    "updated": 0
  },
  {
    "id": "1980e1da-fa18-4e22-8c1c-36960f3d0a0f",
    "data": [
      {
        "text": "скукотища",
        "userDefined": false
      }
    ],
    "isTemplate": false,
    "count": 0,
    "updated": 0
  },
  {
    "id": "e9ed961a-5ca1-49df-b790-22d5232e0b0b",
    "data": [
      {
        "text": "очень скучно",
        "userDefined": false
      }
    ],
    "isTemplate": false,
    "count": 0,
    "updated": 0
  },
  {
    "id": "67ae714f-2177-4135-8dac-835248e20461",
    "data": [
      {
        "text": "мне это наскучило",
        "userDefined": false
      }
    ],
    "isTemplate": false,
    "count": 0,
    "updated": 0
  }
]