[
  {
    "id": "5ac018c7-3886-4c7f-95b9-59ce3d9a64c2",
    "data": [
      {
        "text": "я в порядке а ты",
        "userDefined": false
      }
    ],
    "isTemplate": false,
    "count": 0,
    "updated": 0
  },
  {
    "id": "ed5cac58-d786-4a4e-95fd-e76b87771e49",
    "data": [
      {
        "text": "как ты",
        "userDefined": false
      }
    ],
    "isTemplate": false,
    "count": 0,
    "updated": 0
  },
  {
    "id": "612058f6-ce54-4f3d-8ce7-f2d793cffce8",
    "data": [
      {
        "text": "как дела",
        "userDefined": false
      }
    ],
    "isTemplate": false,
    "count": 0,
    "updated": 0
  },
  {
    "id": "f192a12c-e81c-43c3-b5ae-245df335ca29",
    "data": [
      {
        "text": "всё в порядке",
        "userDefined": false
      }
    ],
    "isTemplate": false,
    "count": 0,
    "updated": 0
  },
  {
    "id": "01f40b3a-8464-41e0-8eb3-6885efd03944",
    "data": [
      {
        "text": "как твои дела",
        "userDefined": false
      }
    ],
    "isTemplate": false,
    "count": 0,
    "updated": 0
  },
  {
    "id": "844000d9-eefc-473c-954d-ad50c09190dd",
    "data": [
      {
        "text": "ты в порядке",
        "userDefined": false
      }
    ],
    "isTemplate": false,
    "count": 0,
    "updated": 0
  },
  {
    "id": "d55ef7a6-d7c8-4906-9b81-86a4f7119fa7",
    "data": [
      {
        "text": "день добрый как ты",
        "userDefined": false
      }
    ],
    "isTemplate": false,
    "count": 0,
    "updated": 0
  },
  {
    "id": "164dd330-93af-4e00-8492-a4fb518139e5",
    "data": [
      {
        "text": "как поживаешь",
        "userDefined": false
      }
    ],
    "isTemplate": false,
    "count": 0,
    "updated": 0
  },
  {
    "id": "9c4ef1bf-b699-460c-9cf6-e958e9475841",
    "data": [
      {
        "text": "как ты поживаешь",
        "userDefined": false
      }
    ],
    "isTemplate": false,
    "count": 0,
    "updated": 0
  },
  {
    "id": "bd8d153b-6767-43d3-aba8-42d619e5dca7",
    "data": [
      {
        "text": "как твои дела сегодня",
        "userDefined": false
      }
    ],
    "isTemplate": false,
    "count": 0,
    "updated": 0
  },
  {
    "id": "f8e83944-b64a-4f59-9312-72d59b02082e",
    "data": [
      {
        "text": "привет как дела",
        "userDefined": false
      }
    ],
    "isTemplate": false,
    "count": 0,
    "updated": 0
  },
  {
    "id": "daff0478-06e4-4f74-b69e-c7d002b0ba9e",
    "data": [
      {
        "text": "привет как ты",
        "userDefined": false
      }
    ],
    "isTemplate": false,
    "count": 0,
    "updated": 0
  },
  {
    "id": "57d8acea-4e63-4f84-b82d-e52fa03ba017",
    "data": [
      {
        "text": "как ты себя ощущаешь",
        "userDefined": false
      }
    ],
    "isTemplate": false,
    "count": 0,
    "updated": 0
  },
  {
    "id": "2f631f4d-c50f-4c65-8618-da5916c7373a",
    "data": [
      {
        "text": "у тебя всё в порядке",
        "userDefined": false
      }
    ],
    "isTemplate": false,
    "count": 0,
    "updated": 0
  },
  {
    "id": "ccad13d6-fe46-48f9-b787-09b25760ad46",
    "data": [
      {
        "text": "надеюсь ты в порядке",
        "userDefined": false
      }
    ],
    "isTemplate": false,
    "count": 0,
    "updated": 0
  },
  {
    "id": "7cb6be44-df11-4833-9c91-88ae3784bcaa",
    "data": [
      {
        "text": "как ты этим вечером",
        "userDefined": false
      }
    ],
    "isTemplate": false,
    "count": 0,
    "updated": 0
  },
  {
    "id": "4c1d147e-4f9c-4b42-a37b-b9fe5a21e123",
    "data": [
      {
        "text": "как у тебя дела сегодня утром",
        "userDefined": false
      }
    ],
    "isTemplate": false,
    "count": 0,
    "updated": 0
  },
  {
    "id": "754cdd89-b69b-4c38-889c-9e2643d33be4",
    "data": [
      {
        "text": "как ты этим утром",
        "userDefined": false
      }
    ],
    "isTemplate": false,
    "count": 0,
    "updated": 0
  },
  {
    "id": "17c19d0a-f524-448d-a2f4-7d9f3a12eed4",
    "data": [
      {
        "text": "как ты как твои дела",
        "userDefined": false
      }
    ],
    "isTemplate": false,
    "count": 0,
    "updated": 0
  },
  {
    "id": "5e297d6a-73c9-4b80-a5d0-00347e549a0b",
    "data": [
      {
        "text": "как у тебя дела сегодня",
        "userDefined": false
      }
    ],
    "isTemplate": false,
    "count": 0,
    "updated": 0
  },
  {
    "id": "4d27c71a-6719-48a8-b4f8-c2843c9bc692",
    "data": [
      {
        "text": "как жизнь",
        "userDefined": false
      }
    ],
    "isTemplate": false,
    "count": 0,
    "updated": 0
  },
  {
    "id": "e46ad41b-92a4-4102-80f8-82b409c5a333",
    "data": [
      {
        "text": "как тебе живётся",
        "userDefined": false
      }
    ],
    "isTemplate": false,
    "count": 0,
    "updated": 0
  },
  {
    "id": "71e81e20-04da-414b-a271-de7a5dc0f4b0",
    "data": [
      {
        "text": "как ты жил всё это время",
        "userDefined": false
      }
    ],
    "isTemplate": false,
    "count": 0,
    "updated": 0
  },
  {
    "id": "3e14137a-a000-4e64-936a-5fff8b349c50",
    "data": [
      {
        "text": "как ты поживал всё это время",
        "userDefined": false
      }
    ],
    "isTemplate": false,
    "count": 0,
    "updated": 0
  },
  {
    "id": "9aa4265a-79e4-4675-8ce2-1e3c996fee0f",
    "data": [
      {
        "text": "как оно",
        "userDefined": false
      }
    ],
    "isTemplate": false,
    "count": 0,
    "updated": 0
  },
  {
    "id": "80947faf-8fab-486c-9605-e32bce64a19d",
    "data": [
      {
        "text": "привет как оно",
        "userDefined": false
      }
    ],
    "isTemplate": false,
    "count": 0,
    "updated": 0
  },
  {
    "id": "ebf55afe-47de-498e-9cd5-e6971b9d645d",
    "data": [
      {
        "text": "как твой день",
        "userDefined": false
      }
    ],
    "isTemplate": false,
    "count": 0,
    "updated": 0
  },
  {
    "id": "f03d517a-b89b-4a6a-909a-345a9577183c",
    "data": [
      {
        "text": "как проходит твой день",
        "userDefined": false
      }
    ],
    "isTemplate": false,
    "count": 0,
    "updated": 0
  },
  {
    "id": "f05bbbf9-88e0-48f6-812f-065314f3641d",
    "data": [
      {
        "text": "как прошёл твой день",
        "userDefined": false
      }
    ],
    "isTemplate": false,
    "count": 0,
    "updated": 0
  },
  {
    "id": "1e48c1d5-b6d9-4e3f-bf6c-296e867701cb",
    "data": [
      {
        "text": "как твоё утро",
        "userDefined": false
      }
    ],
    "isTemplate": false,
    "count": 0,
    "updated": 0
  },
  {
    "id": "e4d2ccd6-e5b5-49fa-94e2-a9b58a6c3c53",
    "data": [
      {
        "text": "как прошло твоё утро",
        "userDefined": false
      }
    ],
    "isTemplate": false,
    "count": 0,
    "updated": 0
  },
  {
    "id": "693a8ce1-10e0-4a23-9c7d-866dfb5b6f4d",
    "data": [
      {
        "text": "как твой вечер",
        "userDefined": false
      }
    ],
    "isTemplate": false,
    "count": 0,
    "updated": 0
  },
  {
    "id": "fca17112-3607-44b3-9f9c-9b508e1c6261",
    "data": [
      {
        "text": "как прошёл твой вечер",
        "userDefined": false
      }
    ],
    "isTemplate": false,
    "count": 0,
    "updated": 0
  },
  {
    "id": "afb5f04d-4814-4f8a-8366-dac35c052ba0",
    "data": [
      {
        "text": "как прошла ночь",
        "userDefined": false
      }
    ],
    "isTemplate": false,
    "count": 0,
    "updated": 0
  },
  {
    "id": "48590f5f-a329-4594-9f0c-60d43e0334d5",
    "data": [
      {
        "text": "как ты себя чувствуешь",
        "userDefined": false
      }
    ],
    "isTemplate": false,
    "count": 0,
    "updated": 0
  },
  {
    "id": "d3a18291-ef17-48d8-9e36-f97e7b7246d0",
    "data": [
      {
        "text": "утро доброе как ты",
        "userDefined": false
      }
    ],
    "isTemplate": false,
    "count": 0,
    "updated": 0
  },
  {
    "id": "8a20defb-2ae5-4b2a-9eec-b84fdbc98da0",
    "data": [
      {
        "text": "каким был твой день",
        "userDefined": false
      }
    ],
    "isTemplate": false,
    "count": 0,
    "updated": 0
  },
  {
    "id": "0967a154-2a63-4093-a42b-b506210b0ff2",
    "data": [
      {
        "text": "а как насчёт тебя как твои дела",
        "userDefined": false
      }
    ],
    "isTemplate": false,
    "count": 0,
    "updated": 0
  },
  {
    "id": "160e6967-1a93-41b0-8298-dd27e069939a",
    "data": [
      {
        "text": "ну и как твои дела",
        "userDefined": false
      }
    ],
    "isTemplate": false,
    "count": 0,
    "updated": 0
  },
  {
    "id": "50557da0-6073-4828-b26d-8c69aa56e84e",
    "data": [
      {
        "text": "всё хорошо а ты как",
        "userDefined": false
      }
    ],
    "isTemplate": false,
    "count": 0,
    "updated": 0
  },
  {
    "id": "cb1c6750-0ac5-45be-a5c8-5955c9590089",
    "data": [
      {
        "text": "я в порядке как у тебя дела",
        "userDefined": false
      }
    ],
    "isTemplate": false,
    "count": 0,
    "updated": 0
  },
  {
    "id": "25a74c26-f3d3-4425-a5fb-a646c0fac750",
    "data": [
      {
        "text": "хорошо как дела у тебя",
        "userDefined": false
      }
    ],
    "isTemplate": false,
    "count": 0,
    "updated": 0
  }
]