[
  {
    "id": "f429d0fc-a23a-4d62-81f7-6dbddf0ce5ed",
    "data": [
      {
        "text": "отмена",
        "userDefined": false
      }
    ],
    "isTemplate": false,
    "count": 1,
    "updated": 0
  },
  {
    "id": "e2b67fea-5be0-4701-8d52-c3fe8c4aa7ae",
    "data": [
      {
        "text": "отменить",
        "userDefined": false
      }
    ],
    "isTemplate": false,
    "count": 0,
    "updated": 0
  },
  {
    "id": "ef29e66c-8e4f-4005-b00c-9d546d6b4660",
    "data": [
      {
        "text": "перестань",
        "userDefined": false
      }
    ],
    "isTemplate": false,
    "count": 0,
    "updated": 0
  },
  {
    "id": "debc0492-7ffb-4576-97de-8acd00ad35e7",
    "data": [
      {
        "text": "хватит",
        "userDefined": false
      }
    ],
    "isTemplate": false,
    "count": 0,
    "updated": 0
  },
  {
    "id": "bc6b97e3-8ea5-4b48-8e44-387fc96f2a9f",
    "data": [
      {
        "text": "стоп",
        "userDefined": false
      }
    ],
    "isTemplate": false,
    "count": 0,
    "updated": 0
  },
  {
    "id": "adb18575-61d4-4784-a8a4-fcd53154d3b6",
    "data": [
      {
        "text": "отменить действие",
        "userDefined": false
      }
    ],
    "isTemplate": false,
    "count": 0,
    "updated": 0
  },
  {
    "id": "e0340c3f-4958-43b0-b3ea-ac22dc410024",
    "data": [
      {
        "text": "отмени",
        "userDefined": false
      }
    ],
    "isTemplate": false,
    "count": 0,
    "updated": 0
  },
  {
    "id": "b2fd1177-ba5e-4d9c-9333-18b1ac3fd6e9",
    "data": [
      {
        "text": "прекрати",
        "userDefined": false
      }
    ],
    "isTemplate": false,
    "count": 0,
    "updated": 0
  },
  {
    "id": "162d7482-a030-4ffa-802e-c29b75af8ca0",
    "data": [
      {
        "text": "забудь",
        "userDefined": false
      }
    ],
    "isTemplate": false,
    "count": 0,
    "updated": 0
  },
  {
    "id": "66c52c79-c4ac-4405-a830-221e892a8fa0",
    "data": [
      {
        "text": "забудь об этом",
        "userDefined": false
      }
    ],
    "isTemplate": false,
    "count": 0,
    "updated": 0
  }
]