[
  {
    "id": "a04c83f2-0adc-4fd8-a7f7-6067067f5207",
    "data": [
      {
        "text": "ya",
        "userDefined": false
      }
    ],
    "isTemplate": false,
    "count": 0,
    "updated": 0
  },
  {
    "id": "30b12a87-7f8f-4982-adb0-f551bbc31eeb",
    "data": [
      {
        "text": "certainly",
        "userDefined": false
      }
    ],
    "isTemplate": false,
    "count": 0,
    "updated": 0
  },
  {
    "id": "50f50bce-e890-4bbf-b586-660852327379",
    "data": [
      {
        "text": "ye",
        "userDefined": false
      }
    ],
    "isTemplate": false,
    "count": 0,
    "updated": 0
  },
  {
    "id": "4b22fd08-906a-445f-86fe-489ea973ca8a",
    "data": [
      {
        "text": "yeah right",
        "userDefined": false
      }
    ],
    "isTemplate": false,
    "count": 0,
    "updated": 0
  },
  {
    "id": "9bce6a81-1838-4f08-aebb-c320a296d06b",
    "data": [
      {
        "text": "I agree",
        "userDefined": false
      }
    ],
    "isTemplate": false,
    "count": 0,
    "updated": 0
  },
  {
    "id": "f7f8fa9a-dea2-4396-a1ec-0eeb7b0b7d64",
    "data": [
      {
        "text": "ok go ahead",
        "userDefined": false
      }
    ],
    "isTemplate": false,
    "count": 0,
    "updated": 0
  },
  {
    "id": "59e7bbfd-ef9c-4485-b958-5521dbc0dcea",
    "data": [
      {
        "text": "okey",
        "userDefined": false
      }
    ],
    "isTemplate": false,
    "count": 1,
    "updated": 0
  },
  {
    "id": "7b064bb8-647f-4fbf-84ad-15a9cd1417f7",
    "data": [
      {
        "text": "obviously",
        "userDefined": false
      }
    ],
    "isTemplate": false,
    "count": 0,
    "updated": 0
  },
  {
    "id": "d3c49ca9-cea5-43bd-b51b-a0c27d44661f",
    "data": [
      {
        "text": "why not",
        "userDefined": false
      }
    ],
    "isTemplate": false,
    "count": 0,
    "updated": 0
  },
  {
    "id": "9854ab3d-411a-4d4e-8cf6-8d7b0bf47799",
    "data": [
      {
        "text": "yeah exactly",
        "userDefined": false
      }
    ],
    "isTemplate": false,
    "count": 0,
    "updated": 0
  },
  {
    "id": "3e1a8c82-8961-44cc-820c-1d61416daae7",
    "data": [
      {
        "text": "ok",
        "userDefined": false
      }
    ],
    "isTemplate": false,
    "count": 0,
    "updated": 0
  },
  {
    "id": "73785088-ce91-4050-8474-178c56d2f035",
    "data": [
      {
        "text": "I do",
        "userDefined": false
      }
    ],
    "isTemplate": false,
    "count": 0,
    "updated": 0
  },
  {
    "id": "9310a584-2fa8-4533-8b45-e1c8c93dfe6b",
    "data": [
      {
        "text": "yeh",
        "userDefined": false
      }
    ],
    "isTemplate": false,
    "count": 0,
    "updated": 0
  },
  {
    "id": "5c521213-7b7b-40da-97e5-af72bcf545fd",
    "data": [
      {
        "text": "that is ok",
        "userDefined": false
      }
    ],
    "isTemplate": false,
    "count": 0,
    "updated": 0
  },
  {
    "id": "5e627a7b-b8b9-4c86-9b77-e7b7d0cc993b",
    "data": [
      {
        "text": "yes ",
        "userDefined": false
      },
      {
        "text": "it",
        "meta": "@sys.ignore",
        "userDefined": true
      },
      {
        "text": " is",
        "userDefined": false
      }
    ],
    "isTemplate": false,
    "count": 1,
    "updated": 0
  },
  {
    "id": "c36425e0-2bf2-43e1-9aa8-366ea9edcd17",
    "data": [
      {
        "text": "sure",
        "meta": "@sys.ignore",
        "userDefined": true
      },
      {
        "text": " is",
        "userDefined": false
      }
    ],
    "isTemplate": false,
    "count": 0,
    "updated": 0
  },
  {
    "id": "6d0e47db-b79a-4b95-8588-b3e8753b0700",
    "data": [
      {
        "text": "I guess",
        "userDefined": false
      }
    ],
    "isTemplate": false,
    "count": 0,
    "updated": 0
  },
  {
    "id": "8d4712b8-095b-4d93-acf2-84b97c43d402",
    "data": [
      {
        "text": "yeah go ahead",
        "userDefined": false
      }
    ],
    "isTemplate": false,
    "count": 0,
    "updated": 0
  },
  {
    "id": "c3f2b998-10ad-4cc9-9daf-d8e12d7328a0",
    "data": [
      {
        "text": "go for ",
        "userDefined": false
      },
      {
        "text": "it",
        "meta": "@sys.ignore",
        "userDefined": false
      }
    ],
    "isTemplate": false,
    "count": 0,
    "updated": 0
  },
  {
    "id": "bad7538f-2346-4e49-848b-9fb046013f73",
    "data": [
      {
        "text": "okay that\u0027s ",
        "userDefined": false
      },
      {
        "text": "fine",
        "meta": "@sys.ignore",
        "userDefined": true
      }
    ],
    "isTemplate": false,
    "count": 0,
    "updated": 0
  },
  {
    "id": "fe6cb810-a45b-4e73-b882-817349a8038e",
    "data": [
      {
        "text": "ok yes",
        "userDefined": false
      }
    ],
    "isTemplate": false,
    "count": 0,
    "updated": 0
  },
  {
    "id": "a9974363-5e13-428a-81de-fd0ef9675fab",
    "data": [
      {
        "text": "ok ",
        "userDefined": false
      },
      {
        "text": "sure",
        "meta": "@sys.ignore",
        "userDefined": true
      }
    ],
    "isTemplate": false,
    "count": 0,
    "updated": 0
  },
  {
    "id": "d8e7352b-611f-4b01-8586-cf70553c4aea",
    "data": [
      {
        "text": "yes indeed",
        "userDefined": false
      }
    ],
    "isTemplate": false,
    "count": 0,
    "updated": 0
  },
  {
    "id": "8058234a-d369-4994-a354-b4d94756b19d",
    "data": [
      {
        "text": "sure",
        "meta": "@sys.ignore",
        "userDefined": true
      },
      {
        "text": " thing",
        "userDefined": false
      }
    ],
    "isTemplate": false,
    "count": 0,
    "updated": 0
  },
  {
    "id": "ccc5f645-6e97-4cf2-b84b-01f38e5f6fe7",
    "data": [
      {
        "text": "right",
        "userDefined": false
      }
    ],
    "isTemplate": false,
    "count": 0,
    "updated": 0
  },
  {
    "id": "8bc37f01-d3d4-4231-aaef-26a906aa8ffa",
    "data": [
      {
        "text": "of",
        "meta": "@sys.ignore",
        "userDefined": false
      },
      {
        "text": " course",
        "userDefined": false
      }
    ],
    "isTemplate": false,
    "count": 0,
    "updated": 0
  },
  {
    "id": "3c59a366-0419-490d-83ea-6720db5a9fff",
    "data": [
      {
        "text": "that s okay",
        "userDefined": false
      }
    ],
    "isTemplate": false,
    "count": 0,
    "updated": 0
  },
  {
    "id": "cfa0dbbf-061f-4038-86dc-1d22333b9e48",
    "data": [
      {
        "text": "yes this is correct",
        "userDefined": false
      }
    ],
    "isTemplate": false,
    "count": 0,
    "updated": 0
  },
  {
    "id": "ed30e7e0-d778-4bdf-bf1f-912965abbaa0",
    "data": [
      {
        "text": "yap",
        "userDefined": false
      }
    ],
    "isTemplate": false,
    "count": 0,
    "updated": 0
  },
  {
    "id": "07cf0864-ba0f-42d7-805a-5a327e5c5a35",
    "data": [
      {
        "text": "do ",
        "userDefined": false
      },
      {
        "text": "it",
        "meta": "@sys.ignore",
        "userDefined": false
      }
    ],
    "isTemplate": false,
    "count": 0,
    "updated": 0
  },
  {
    "id": "d68014e3-5a52-4779-a1f2-aee72fe0a77c",
    "data": [
      {
        "text": "yeah",
        "userDefined": false
      }
    ],
    "isTemplate": false,
    "count": 0,
    "updated": 0
  },
  {
    "id": "4f9f869e-5e7b-4d87-b9ff-39d34e6c8ac2",
    "data": [
      {
        "text": "yes you ",
        "userDefined": false
      },
      {
        "text": "may",
        "meta": "@sys.ignore",
        "userDefined": true
      }
    ],
    "isTemplate": false,
    "count": 0,
    "updated": 0
  },
  {
    "id": "66258471-f1b9-44ea-979e-a1b85254aeb1",
    "data": [
      {
        "text": "correct",
        "userDefined": false
      }
    ],
    "isTemplate": false,
    "count": 1,
    "updated": 0
  },
  {
    "id": "614dd107-ef1a-4352-86cb-f824af5cb9c6",
    "data": [
      {
        "text": "this is correct",
        "userDefined": false
      }
    ],
    "isTemplate": false,
    "count": 0,
    "updated": 0
  },
  {
    "id": "4bfbed1c-55d3-4ddd-b45b-110f7579e05f",
    "data": [
      {
        "text": "looks ",
        "userDefined": false
      },
      {
        "text": "good",
        "meta": "@sys.ignore",
        "userDefined": true
      }
    ],
    "isTemplate": false,
    "count": 0,
    "updated": 0
  },
  {
    "id": "7c050dcf-1893-48ed-9b14-175c0ededa9a",
    "data": [
      {
        "text": "ok ",
        "userDefined": false
      },
      {
        "text": "thank you",
        "meta": "@sys.ignore",
        "userDefined": true
      }
    ],
    "isTemplate": false,
    "count": 0,
    "updated": 0
  },
  {
    "id": "ed7e5f65-4566-4fa5-a9d3-d936090db5fe",
    "data": [
      {
        "text": "nevermind",
        "meta": "@sys.ignore",
        "userDefined": true
      },
      {
        "text": " its okay",
        "userDefined": false
      }
    ],
    "isTemplate": false,
    "count": 0,
    "updated": 0
  },
  {
    "id": "eb138d95-d605-4de9-9b83-9103978745a7",
    "data": [
      {
        "text": "k",
        "userDefined": false
      }
    ],
    "isTemplate": false,
    "count": 1,
    "updated": 0
  },
  {
    "id": "337b52ea-8d1d-450b-ad56-0983de206862",
    "data": [
      {
        "text": "yes right",
        "userDefined": false
      }
    ],
    "isTemplate": false,
    "count": 0,
    "updated": 0
  },
  {
    "id": "4a161655-fd14-4fe5-a4ee-17203f66518b",
    "data": [
      {
        "text": "ok you can",
        "userDefined": false
      }
    ],
    "isTemplate": false,
    "count": 0,
    "updated": 0
  },
  {
    "id": "1788ce38-8f17-4525-9b3c-b0a92d8dc60f",
    "data": [
      {
        "text": "it\u0027",
        "meta": "@sys.ignore",
        "userDefined": true
      },
      {
        "text": "s ",
        "userDefined": false
      },
      {
        "text": "fine",
        "meta": "@sys.ignore",
        "userDefined": true
      }
    ],
    "isTemplate": false,
    "count": 0,
    "updated": 0
  },
  {
    "id": "2e7e6483-b980-4165-9179-1eefb1ab8f64",
    "data": [
      {
        "text": "affirmative",
        "userDefined": false
      }
    ],
    "isTemplate": false,
    "count": 0,
    "updated": 0
  },
  {
    "id": "102773aa-02bc-4914-8324-c1defcab6502",
    "data": [
      {
        "text": "I ",
        "userDefined": false
      },
      {
        "text": "don\u0027",
        "meta": "@sys.ignore",
        "userDefined": true
      },
      {
        "text": "t mind",
        "userDefined": false
      }
    ],
    "isTemplate": false,
    "count": 0,
    "updated": 0
  },
  {
    "id": "978edeb0-4c9f-42e6-b0e3-f58f84734fe7",
    "data": [
      {
        "text": "yes ",
        "userDefined": false
      },
      {
        "text": "for sure",
        "meta": "@sys.ignore",
        "userDefined": true
      }
    ],
    "isTemplate": false,
    "count": 0,
    "updated": 0
  },
  {
    "id": "93931979-f39b-45c0-8abc-956a189c7560",
    "data": [
      {
        "text": "confirm",
        "userDefined": false
      }
    ],
    "isTemplate": false,
    "count": 0,
    "updated": 0
  },
  {
    "id": "a3e033f2-16d3-4841-a423-e4e628f22585",
    "data": [
      {
        "text": "yeah ",
        "userDefined": false
      },
      {
        "text": "I\u0027m",
        "meta": "@sys.ignore",
        "userDefined": true
      },
      {
        "text": " ",
        "userDefined": false
      },
      {
        "text": "sure",
        "meta": "@sys.ignore",
        "userDefined": true
      }
    ],
    "isTemplate": false,
    "count": 0,
    "updated": 0
  },
  {
    "id": "095fd8d9-2b5c-4edf-aa56-8cacd7bda6fd",
    "data": [
      {
        "text": "sure",
        "meta": "@sys.ignore",
        "userDefined": true
      },
      {
        "text": " why not",
        "userDefined": false
      }
    ],
    "isTemplate": false,
    "count": 0,
    "updated": 0
  },
  {
    "id": "d39faadd-5617-4fc8-b4ce-f6386562aacb",
    "data": [
      {
        "text": "okay",
        "userDefined": false
      }
    ],
    "isTemplate": false,
    "count": 0,
    "updated": 0
  },
  {
    "id": "5a6fc50d-ee5b-413b-96f0-c8760dba482d",
    "data": [
      {
        "text": "definitely",
        "userDefined": false
      }
    ],
    "isTemplate": false,
    "count": 0,
    "updated": 0
  },
  {
    "id": "69973dec-7731-4462-9c57-acbe8f82d6e9",
    "data": [
      {
        "text": "that\u0027s correct",
        "userDefined": false
      }
    ],
    "isTemplate": false,
    "count": 0,
    "updated": 0
  },
  {
    "id": "24778922-59b5-4bf8-a76b-2cc24435afef",
    "data": [
      {
        "text": "okie dokie",
        "userDefined": false
      }
    ],
    "isTemplate": false,
    "count": 0,
    "updated": 0
  },
  {
    "id": "c6b73fe2-de96-426f-adb7-baa297c2cdf4",
    "data": [
      {
        "text": "yes I would like to",
        "userDefined": false
      }
    ],
    "isTemplate": false,
    "count": 0,
    "updated": 0
  },
  {
    "id": "f8578607-57cb-488e-8013-7ee67640800f",
    "data": [
      {
        "text": "yes ",
        "userDefined": false
      },
      {
        "text": "it",
        "meta": "@sys.ignore",
        "userDefined": true
      },
      {
        "text": " is correct",
        "userDefined": false
      }
    ],
    "isTemplate": false,
    "count": 0,
    "updated": 0
  },
  {
    "id": "46a02ca1-2bf5-4672-bfdd-277281dbbf9e",
    "data": [
      {
        "text": "yes I do",
        "userDefined": false
      }
    ],
    "isTemplate": false,
    "count": 1,
    "updated": 0
  },
  {
    "id": "6b458ac8-0bc2-45be-9c80-bf5e6e6e8dc7",
    "data": [
      {
        "text": "yeah that\u0027s right",
        "userDefined": false
      }
    ],
    "isTemplate": false,
    "count": 0,
    "updated": 0
  },
  {
    "id": "6dafa6af-2cad-45f7-8d1c-a947e8f88934",
    "data": [
      {
        "text": "yes ",
        "userDefined": false
      },
      {
        "text": "sure",
        "meta": "@sys.ignore",
        "userDefined": true
      }
    ],
    "isTemplate": false,
    "count": 0,
    "updated": 0
  },
  {
    "id": "6ebeb40b-6d50-4db7-941c-7a7913b9ab2e",
    "data": [
      {
        "text": "sure",
        "meta": "@sys.ignore",
        "userDefined": false
      }
    ],
    "isTemplate": false,
    "count": 0,
    "updated": 0
  },
  {
    "id": "dacbb735-17c9-412a-b5af-5d540268562f",
    "data": [
      {
        "text": "oh yes",
        "userDefined": false
      }
    ],
    "isTemplate": false,
    "count": 1,
    "updated": 0
  },
  {
    "id": "c313f00c-f03c-43ec-b758-0e2295cf4402",
    "data": [
      {
        "text": "yes definitely",
        "userDefined": false
      }
    ],
    "isTemplate": false,
    "count": 0,
    "updated": 0
  },
  {
    "id": "3095d92d-3532-4d03-ace6-cc41e745bf44",
    "data": [
      {
        "text": "yes",
        "userDefined": false
      }
    ],
    "isTemplate": false,
    "count": 0,
    "updated": 0
  },
  {
    "id": "9c4897a1-3aa3-4c57-9be9-7642257bc550",
    "data": [
      {
        "text": "yes correct",
        "userDefined": false
      }
    ],
    "isTemplate": false,
    "count": 0,
    "updated": 0
  },
  {
    "id": "613c5d2a-d6bd-4e07-8216-ed574adc1b31",
    "data": [
      {
        "text": "yep",
        "userDefined": false
      }
    ],
    "isTemplate": false,
    "count": 0,
    "updated": 0
  },
  {
    "id": "d9c83efb-cc98-4622-8e2e-a1498e1893cb",
    "data": [
      {
        "text": "yes that\u0027s ",
        "userDefined": false
      },
      {
        "text": "fine",
        "meta": "@sys.ignore",
        "userDefined": true
      }
    ],
    "isTemplate": false,
    "count": 0,
    "updated": 0
  },
  {
    "id": "9a4d9874-0a8d-4376-b89c-4f283c64448a",
    "data": [
      {
        "text": "of",
        "meta": "@sys.ignore",
        "userDefined": true
      },
      {
        "text": " course why not",
        "userDefined": false
      }
    ],
    "isTemplate": false,
    "count": 0,
    "updated": 0
  },
  {
    "id": "591a9c73-350f-42a2-9326-ce9fd4ae2ccd",
    "data": [
      {
        "text": "yea",
        "userDefined": false
      }
    ],
    "isTemplate": false,
    "count": 1,
    "updated": 0
  },
  {
    "id": "c3dfd1a9-0410-42a5-9c9a-aa0a97a4f361",
    "data": [
      {
        "text": "okay then",
        "userDefined": false
      }
    ],
    "isTemplate": false,
    "count": 0,
    "updated": 0
  },
  {
    "id": "536b3a0a-967f-4df1-989e-f1f85ac2be3d",
    "data": [
      {
        "text": "okay sounds ",
        "userDefined": false
      },
      {
        "text": "good",
        "meta": "@sys.ignore",
        "userDefined": true
      }
    ],
    "isTemplate": false,
    "count": 0,
    "updated": 0
  },
  {
    "id": "b326b8f3-9226-4626-be21-5662959f2144",
    "data": [
      {
        "text": "go ahead",
        "userDefined": false
      }
    ],
    "isTemplate": false,
    "count": 0,
    "updated": 0
  },
  {
    "id": "ef388d20-cb11-4ec6-aff1-fca149118f47",
    "data": [
      {
        "text": "I think so",
        "userDefined": false
      }
    ],
    "isTemplate": false,
    "count": 0,
    "updated": 0
  },
  {
    "id": "d920ff71-7c52-48f1-8e64-f963e4515d48",
    "data": [
      {
        "text": "all",
        "meta": "@sys.ignore",
        "userDefined": true
      },
      {
        "text": " ",
        "userDefined": false
      },
      {
        "text": "right",
        "meta": "@sys.ignore",
        "userDefined": true
      }
    ],
    "isTemplate": false,
    "count": 0,
    "updated": 0
  },
  {
    "id": "c63aecc4-a1a9-466d-aefd-1f94c9115210",
    "data": [
      {
        "text": "yes I agree",
        "userDefined": false
      }
    ],
    "isTemplate": false,
    "count": 0,
    "updated": 0
  },
  {
    "id": "d98150c6-4c8b-4c5f-9d83-ea07e3d6a96e",
    "data": [
      {
        "text": "yeah ",
        "userDefined": false
      },
      {
        "text": "of",
        "meta": "@sys.ignore",
        "userDefined": true
      },
      {
        "text": " course",
        "userDefined": false
      }
    ],
    "isTemplate": false,
    "count": 0,
    "updated": 0
  },
  {
    "id": "e29939e7-c5e3-4860-b249-83f8a136ede5",
    "data": [
      {
        "text": "exactly",
        "userDefined": false
      }
    ],
    "isTemplate": false,
    "count": 1,
    "updated": 0
  },
  {
    "id": "33e9993b-31a7-41b4-ac01-996190203b49",
    "data": [
      {
        "text": "alrighty",
        "userDefined": false
      }
    ],
    "isTemplate": false,
    "count": 0,
    "updated": 0
  },
  {
    "id": "c80a2237-d06e-4121-9bc9-b32c1b6fdd9a",
    "data": [
      {
        "text": "yeah ",
        "userDefined": false
      },
      {
        "text": "sure",
        "meta": "@sys.ignore",
        "userDefined": true
      }
    ],
    "isTemplate": false,
    "count": 0,
    "updated": 0
  },
  {
    "id": "648fe5d7-a9d4-4c84-bf6d-7f22db2bae2d",
    "data": [
      {
        "text": "absolutely",
        "userDefined": false
      }
    ],
    "isTemplate": false,
    "count": 0,
    "updated": 0
  },
  {
    "id": "2bbb1971-7172-435a-bf4c-a38de61ee574",
    "data": [
      {
        "text": "yup",
        "userDefined": false
      }
    ],
    "isTemplate": false,
    "count": 3,
    "updated": 0
  },
  {
    "id": "5f775435-7c92-499f-80af-f14b81d9320b",
    "data": [
      {
        "text": "yes ",
        "userDefined": false
      },
      {
        "text": "thank you",
        "meta": "@sys.ignore",
        "userDefined": true
      }
    ],
    "isTemplate": false,
    "count": 0,
    "updated": 0
  },
  {
    "id": "2b261f01-9069-45ad-865c-87bb59bf08b3",
    "data": [
      {
        "text": "confirmed",
        "userDefined": false
      }
    ],
    "isTemplate": false,
    "count": 0,
    "updated": 0
  },
  {
    "id": "b69a1372-ad78-4c30-b288-12e60f67d430",
    "data": [
      {
        "text": "yes ",
        "userDefined": false
      },
      {
        "text": "of",
        "meta": "@sys.ignore",
        "userDefined": true
      },
      {
        "text": " course",
        "userDefined": false
      }
    ],
    "isTemplate": false,
    "count": 0,
    "updated": 0
  },
  {
    "id": "7494521d-0ade-4cd1-b349-ea9d5e39fcb5",
    "data": [
      {
        "text": "sounds good",
        "userDefined": false
      }
    ],
    "isTemplate": false,
    "count": 0,
    "updated": 0
  },
  {
    "id": "bff6619f-2af2-4ffc-b0b4-9273ebe61cbe",
    "data": [
      {
        "text": "please do",
        "userDefined": false
      }
    ],
    "isTemplate": false,
    "count": 0,
    "updated": 0
  }
]