[
  {
    "id": "603c53c9-4024-450d-9caa-889b9594f4aa",
    "data": [
      {
        "text": "хочу плакать",
        "userDefined": false
      }
    ],
    "isTemplate": false,
    "count": 0,
    "updated": 0
  },
  {
    "id": "565bd8c2-48d0-4bb0-9143-d77045c46289",
    "data": [
      {
        "text": "просто я грустил",
        "userDefined": false
      }
    ],
    "isTemplate": false,
    "count": 0,
    "updated": 0
  },
  {
    "id": "b3a5769c-cbb7-4db2-a85d-f4267f0fbf84",
    "data": [
      {
        "text": "я горюю",
        "userDefined": false
      }
    ],
    "isTemplate": false,
    "count": 1,
    "updated": 0
  },
  {
    "id": "3ae00e75-c2a3-4856-81b8-4d8bcf49459e",
    "data": [
      {
        "text": "мне грустно",
        "userDefined": false
      }
    ],
    "isTemplate": false,
    "count": 0,
    "updated": 0
  },
  {
    "id": "bfd6d45a-a3c6-40df-adb4-7f52d62f34aa",
    "data": [
      {
        "text": "я грущу",
        "userDefined": false
      }
    ],
    "isTemplate": false,
    "count": 0,
    "updated": 0
  },
  {
    "id": "c9491d54-73ec-4e76-bdcf-7c197098c16f",
    "data": [
      {
        "text": "я в депрессии",
        "userDefined": false
      }
    ],
    "isTemplate": false,
    "count": 0,
    "updated": 0
  },
  {
    "id": "ee593fe9-60eb-4eea-97dd-8ca330f46bf7",
    "data": [
      {
        "text": "я расстроен",
        "userDefined": false
      }
    ],
    "isTemplate": false,
    "count": 0,
    "updated": 0
  },
  {
    "id": "5aab7ae3-cc88-4d3c-b2f5-2fecf8c359eb",
    "data": [
      {
        "text": "у меня был тяжелый день",
        "userDefined": false
      }
    ],
    "isTemplate": false,
    "count": 1,
    "updated": 0
  },
  {
    "id": "17d24149-cfde-4aa3-a3d0-806561103164",
    "data": [
      {
        "text": "я горевал",
        "userDefined": false
      }
    ],
    "isTemplate": false,
    "count": 0,
    "updated": 0
  },
  {
    "id": "1ffbb940-ee64-41d1-b0f0-8fd77ea0620c",
    "data": [
      {
        "text": "мне не радостно",
        "userDefined": false
      }
    ],
    "isTemplate": false,
    "count": 0,
    "updated": 0
  }
]