[
  {
    "id": "a0aad087-af21-43bf-8709-13d8669991d0",
    "data": [
      {
        "text": "нет спасибо",
        "userDefined": false
      }
    ],
    "isTemplate": false,
    "count": 0,
    "updated": 1526291421
  },
  {
    "id": "4285c376-575d-4660-b90a-9c490c888a86",
    "data": [
      {
        "text": "нет",
        "userDefined": false
      }
    ],
    "isTemplate": false,
    "count": 0,
    "updated": 1526291421
  },
  {
    "id": "2d6ffd13-7947-436f-81cb-f2db85023aa8",
    "data": [
      {
        "text": "не хочу",
        "userDefined": false
      }
    ],
    "isTemplate": false,
    "count": 0,
    "updated": 1526291421
  },
  {
    "id": "3893f5d3-2303-46ae-84b6-10cdc6cb6c63",
    "data": [
      {
        "text": "не стоит",
        "userDefined": false
      }
    ],
    "isTemplate": false,
    "count": 0,
    "updated": 1526291421
  },
  {
    "id": "8d039ed3-afa5-4d2a-a1d8-9f45b8cb0a30",
    "data": [
      {
        "text": "не надо",
        "userDefined": false
      }
    ],
    "isTemplate": false,
    "count": 0,
    "updated": 1526291421
  },
  {
    "id": "31a98a1b-e323-4e5d-a7f3-5ec1863e4502",
    "data": [
      {
        "text": "не нужно",
        "userDefined": false
      }
    ],
    "isTemplate": false,
    "count": 0,
    "updated": 1526291421
  },
  {
    "id": "9db11726-b66a-4330-9e27-2ed9a3e1d320",
    "data": [
      {
        "text": "не-а",
        "userDefined": false
      }
    ],
    "isTemplate": false,
    "count": 0,
    "updated": 1526291421
  },
  {
    "id": "6eaacac2-12c2-4e98-8540-d18184b2796b",
    "data": [
      {
        "text": "не думаю",
        "userDefined": false
      }
    ],
    "isTemplate": false,
    "count": 0,
    "updated": 1526291421
  },
  {
    "id": "8797a34f-4d43-4852-afc1-66acfffa9dc4",
    "data": [
      {
        "text": "ни за что",
        "userDefined": false
      }
    ],
    "isTemplate": false,
    "count": 0,
    "updated": 1526291421
  },
  {
    "id": "dbb47e27-1309-465d-a570-11b284ae8375",
    "data": [
      {
        "text": "неправильно",
        "userDefined": false
      }
    ],
    "isTemplate": false,
    "count": 0,
    "updated": 1526291421
  },
  {
    "id": "8694e90c-233a-4727-b302-6b560d5af0c8",
    "data": [
      {
        "text": "нет не надо",
        "userDefined": false
      }
    ],
    "isTemplate": false,
    "count": 0,
    "updated": 1526291421
  },
  {
    "id": "8fa7d549-bc41-4927-adb0-48dd178905b1",
    "data": [
      {
        "text": "ответ отрицательный",
        "userDefined": false
      }
    ],
    "isTemplate": false,
    "count": 0,
    "updated": 1526291421
  },
  {
    "id": "31cd8ccd-62eb-420c-ac4a-5bb599e94234",
    "data": [
      {
        "text": "я не хочу",
        "userDefined": false
      }
    ],
    "isTemplate": false,
    "count": 1,
    "updated": 1526291421
  },
  {
    "id": "5f2e1ecb-6e6c-4a35-ba62-9cdd09c992a6",
    "data": [
      {
        "text": "не",
        "userDefined": false
      }
    ],
    "isTemplate": false,
    "count": 0,
    "updated": 1526291421
  },
  {
    "id": "5c8262ac-5120-4095-b7cb-41320dfda33d",
    "data": [
      {
        "text": "спасибо не надо",
        "userDefined": false
      }
    ],
    "isTemplate": false,
    "count": 0,
    "updated": 1526291421
  },
  {
    "id": "22af9637-b9d5-4c03-9ad7-0f78459927a5",
    "data": [
      {
        "text": "конечно нет",
        "userDefined": false
      }
    ],
    "isTemplate": false,
    "count": 0,
    "updated": 1526291421
  },
  {
    "id": "de1e4606-772e-49dd-b251-a373788b813c",
    "data": [
      {
        "text": "не нужно спасибо",
        "userDefined": false
      }
    ],
    "isTemplate": false,
    "count": 0,
    "updated": 1526291421
  },
  {
    "id": "d66c03cc-a1c6-4141-92ba-ed4186ac2202",
    "data": [
      {
        "text": "мой ответ нет",
        "userDefined": false
      }
    ],
    "isTemplate": false,
    "count": 0,
    "updated": 1526291421
  },
  {
    "id": "8427bc41-582f-498c-9735-0ac5be00499d",
    "data": [
      {
        "text": "ответ нет",
        "userDefined": false
      }
    ],
    "isTemplate": false,
    "count": 0,
    "updated": 1526291421
  },
  {
    "id": "d6470043-d997-4943-a6c0-1a54e80f31b6",
    "data": [
      {
        "text": "вообще-то нет",
        "userDefined": false
      }
    ],
    "isTemplate": false,
    "count": 0,
    "updated": 1526291421
  },
  {
    "id": "6bc038c1-0ab0-4239-92d4-679c9f70ec53",
    "data": [
      {
        "text": "спасибо но нет",
        "userDefined": false
      }
    ],
    "isTemplate": false,
    "count": 0,
    "updated": 1526291421
  },
  {
    "id": "10ae2e7f-751d-4f02-8d61-2a335c629f6a",
    "data": [
      {
        "text": "не делай этого",
        "userDefined": false
      }
    ],
    "isTemplate": false,
    "count": 0,
    "updated": 1526291421
  }
]