[
  {
    "id": "20613dea-49cc-48ce-b8b2-557af441d3cd",
    "data": [
      {
        "text": "не хочу разговаривать",
        "userDefined": false
      }
    ],
    "isTemplate": false,
    "count": 0,
    "updated": 0
  },
  {
    "id": "2a582197-32b6-4185-8478-fedd70ea41ea",
    "data": [
      {
        "text": "давай немного помолчим",
        "userDefined": false
      }
    ],
    "isTemplate": false,
    "count": 0,
    "updated": 0
  },
  {
    "id": "7595b4a3-9305-4cea-891e-50fa43b15177",
    "data": [
      {
        "text": "я не хочу разговаривать с тобой об этом",
        "userDefined": false
      }
    ],
    "isTemplate": false,
    "count": 0,
    "updated": 0
  },
  {
    "id": "89a78f46-b4cb-4dd6-b0f3-f1750e41a537",
    "data": [
      {
        "text": "давай помолчим",
        "userDefined": false
      }
    ],
    "isTemplate": false,
    "count": 0,
    "updated": 0
  },
  {
    "id": "403cb7aa-52b5-4a88-99d1-2e026985f651",
    "data": [
      {
        "text": "я больше с тобой не разговариваю",
        "userDefined": false
      }
    ],
    "isTemplate": false,
    "count": 0,
    "updated": 0
  },
  {
    "id": "92c5e894-18eb-4a5b-ab03-ad4e0c58a32c",
    "data": [
      {
        "text": "не хочу с тобой общаться",
        "userDefined": false
      }
    ],
    "isTemplate": false,
    "count": 0,
    "updated": 0
  },
  {
    "id": "6d5ec0e2-9361-4c1f-8b97-d301932ac8b0",
    "data": [
      {
        "text": "давай замолчим на минутку",
        "userDefined": false
      }
    ],
    "isTemplate": false,
    "count": 0,
    "updated": 0
  },
  {
    "id": "6b07d7a4-1dc7-4c6c-8d36-13c24e6be7bd",
    "data": [
      {
        "text": "я не в настроении разговаривать",
        "userDefined": false
      }
    ],
    "isTemplate": false,
    "count": 0,
    "updated": 0
  }
]