[
  {
    "id": "50226dad-5e02-4dea-9549-a8aa9365314f",
    "data": [
      {
        "text": "ты меня рассмешил",
        "userDefined": false
      }
    ],
    "isTemplate": false,
    "count": 2,
    "updated": 0
  },
  {
    "id": "787789a7-9e7e-465e-a662-93da517205d0",
    "data": [
      {
        "text": "очень смешно",
        "userDefined": false
      }
    ],
    "isTemplate": false,
    "count": 0,
    "updated": 0
  },
  {
    "id": "8093c931-d519-4a9a-82ab-16d58757c86b",
    "data": [
      {
        "text": "lol",
        "userDefined": false
      }
    ],
    "isTemplate": false,
    "count": 0,
    "updated": 0
  },
  {
    "id": "8d525cbc-e4ba-44d0-be5d-064a59762216",
    "data": [
      {
        "text": "вот умора",
        "userDefined": false
      }
    ],
    "isTemplate": false,
    "count": 0,
    "updated": 0
  },
  {
    "id": "79fe57c7-6531-4e96-bbd0-e61541d742a2",
    "data": [
      {
        "text": "хаха",
        "userDefined": false
      }
    ],
    "isTemplate": false,
    "count": 0,
    "updated": 0
  },
  {
    "id": "42d2f5d1-8903-4be2-8af7-45027853d8b2",
    "data": [
      {
        "text": "лол",
        "userDefined": false
      }
    ],
    "isTemplate": false,
    "count": 0,
    "updated": 0
  },
  {
    "id": "94f50beb-3dc3-4a64-94bd-faa2bd8b3ad0",
    "data": [
      {
        "text": "ахаха лол",
        "userDefined": false
      }
    ],
    "isTemplate": false,
    "count": 0,
    "updated": 0
  },
  {
    "id": "93db9fd3-d37f-4c6d-94b0-da0b8d0c6855",
    "data": [
      {
        "text": "смешно",
        "userDefined": false
      }
    ],
    "isTemplate": false,
    "count": 0,
    "updated": 0
  },
  {
    "id": "006fddf2-6e88-4de8-9f20-ecef94ac96f4",
    "data": [
      {
        "text": "это смешно",
        "userDefined": false
      }
    ],
    "isTemplate": false,
    "count": 0,
    "updated": 0
  },
  {
    "id": "e06d7481-8305-457c-adee-a2d02a03bebc",
    "data": [
      {
        "text": "ха",
        "userDefined": false
      }
    ],
    "isTemplate": false,
    "count": 1,
    "updated": 0
  },
  {
    "id": "b3887d65-0810-4fcd-b5c3-6fe505e7705a",
    "data": [
      {
        "text": "ха ха ха",
        "userDefined": false
      }
    ],
    "isTemplate": false,
    "count": 0,
    "updated": 0
  },
  {
    "id": "cf5212c2-440e-42e7-a66e-5f21c25563ce",
    "data": [
      {
        "text": "ахах",
        "userDefined": false
      }
    ],
    "isTemplate": false,
    "count": 0,
    "updated": 0
  },
  {
    "id": "4c5a9de2-9be3-461e-890f-bbb85b2df60d",
    "data": [
      {
        "text": "ахаха",
        "userDefined": false
      }
    ],
    "isTemplate": false,
    "count": 0,
    "updated": 0
  },
  {
    "id": "302da2b1-1419-4bda-9edc-95b0d956705f",
    "data": [
      {
        "text": "ха ха очень забавно",
        "userDefined": false
      }
    ],
    "isTemplate": false,
    "count": 1,
    "updated": 0
  },
  {
    "id": "d2fd4f72-475f-45f4-ad46-432ad331aee5",
    "data": [
      {
        "text": "забавно",
        "userDefined": false
      }
    ],
    "isTemplate": false,
    "count": 1,
    "updated": 0
  },
  {
    "id": "9d8ebf71-1648-4fa5-b9c2-ec5753e71efb",
    "data": [
      {
        "text": "хехехе",
        "userDefined": false
      }
    ],
    "isTemplate": false,
    "count": 0,
    "updated": 0
  },
  {
    "id": "8cfe7457-cd4b-4b7e-8955-157aa40c958f",
    "data": [
      {
        "text": "хе хе",
        "userDefined": false
      }
    ],
    "isTemplate": false,
    "count": 1,
    "updated": 0
  },
  {
    "id": "48e8ec6c-5058-4042-8b24-71e3f0b81a92",
    "data": [
      {
        "text": "лол нет",
        "userDefined": false
      }
    ],
    "isTemplate": false,
    "count": 0,
    "updated": 0
  },
  {
    "id": "9c9b8034-7932-451c-9d8f-55d092024616",
    "data": [
      {
        "text": "хах",
        "userDefined": false
      }
    ],
    "isTemplate": false,
    "count": 0,
    "updated": 0
  }
]