[
  {
    "id": "a8d433e3-e2c4-458a-8c43-2585b85304c6",
    "data": [
      {
        "text": "всегда пожалуйста",
        "userDefined": false
      }
    ],
    "isTemplate": false,
    "count": 0,
    "updated": 0
  },
  {
    "id": "ca3de7d9-5a2c-465a-bcc1-f60e74fc4dca",
    "data": [
      {
        "text": "на",
        "meta": "@sys.ignore",
        "userDefined": false
      },
      {
        "text": " здоровье",
        "userDefined": false
      }
    ],
    "isTemplate": false,
    "count": 0,
    "updated": 0
  },
  {
    "id": "244410da-f201-44c9-8653-80667e79a4a3",
    "data": [
      {
        "text": "всё что угодно для тебя",
        "userDefined": false
      }
    ],
    "isTemplate": false,
    "count": 0,
    "updated": 0
  },
  {
    "id": "f9ec7dab-9451-4ca1-91d5-e10e90d56fbe",
    "data": [
      {
        "text": "конечно на здоровье",
        "userDefined": false
      }
    ],
    "isTemplate": false,
    "count": 0,
    "updated": 0
  },
  {
    "id": "9605a41e-277b-4015-8f0b-a4fc4b261b99",
    "data": [
      {
        "text": "не за что",
        "userDefined": false
      }
    ],
    "isTemplate": false,
    "count": 0,
    "updated": 0
  },
  {
    "id": "c0602761-db11-4576-8194-9a857157c05c",
    "data": [
      {
        "text": "всё что пожелаешь",
        "userDefined": false
      }
    ],
    "isTemplate": false,
    "count": 0,
    "updated": 0
  },
  {
    "id": "2332a7f1-f2cc-446d-93bf-30f8b61487ef",
    "data": [
      {
        "text": "пожалуйста",
        "userDefined": false
      }
    ],
    "isTemplate": false,
    "count": 0,
    "updated": 0
  },
  {
    "id": "8565c842-ca87-4c45-bb67-e36059af8404",
    "data": [
      {
        "text": "не стоит благодарности",
        "userDefined": false
      }
    ],
    "isTemplate": false,
    "count": 0,
    "updated": 0
  }
]