[
  {
    "id": "6cf62fe0-2d5b-4e38-b59e-230eaac10f98",
    "data": [
      {
        "text": "я уже засыпаю",
        "userDefined": false
      }
    ],
    "isTemplate": false,
    "count": 0,
    "updated": 0
  },
  {
    "id": "0c8f70fa-43a9-4ffb-83c1-f8e4d98b7c5e",
    "data": [
      {
        "text": "пора спать",
        "userDefined": false
      }
    ],
    "isTemplate": false,
    "count": 0,
    "updated": 0
  },
  {
    "id": "756c145d-fa9e-48bd-8b96-d921c595bc2f",
    "data": [
      {
        "text": "уже пора спать да",
        "userDefined": false
      }
    ],
    "isTemplate": false,
    "count": 0,
    "updated": 0
  },
  {
    "id": "3612016e-e6fe-42e8-9e0b-5c06a18b44a0",
    "data": [
      {
        "text": "время ложиться спать",
        "userDefined": false
      }
    ],
    "isTemplate": false,
    "count": 0,
    "updated": 0
  },
  {
    "id": "4b63871d-45e6-4b2e-9380-d9887bc06bda",
    "data": [
      {
        "text": "нам пора ложиться спать",
        "userDefined": false
      }
    ],
    "isTemplate": false,
    "count": 0,
    "updated": 0
  },
  {
    "id": "f510392a-16c5-403c-9eb7-c4e58164499c",
    "data": [
      {
        "text": "я спать доброй ночи",
        "userDefined": false
      }
    ],
    "isTemplate": false,
    "count": 0,
    "updated": 0
  },
  {
    "id": "f2e1d192-717a-468b-a700-b35d781ad444",
    "data": [
      {
        "text": "я устал и хочу спать",
        "userDefined": false
      }
    ],
    "isTemplate": false,
    "count": 0,
    "updated": 0
  },
  {
    "id": "a37c6403-bf10-45b0-8ecf-9f7853cd709c",
    "data": [
      {
        "text": "время сна",
        "userDefined": false
      }
    ],
    "isTemplate": false,
    "count": 0,
    "updated": 0
  },
  {
    "id": "76c3675a-ab28-4cf7-969c-530307fff672",
    "data": [
      {
        "text": "отбой",
        "userDefined": false
      }
    ],
    "isTemplate": false,
    "count": 0,
    "updated": 0
  }
]