[
  {
    "id": "af0b7ef2-e428-4edb-b3a6-1495baa0530f",
    "data": [
      {
        "text": "что стряслось",
        "userDefined": false
      }
    ],
    "isTemplate": false,
    "count": 0,
    "updated": 0
  },
  {
    "id": "8e77956f-d65d-42ab-afc3-6f00bd322da5",
    "data": [
      {
        "text": "что слышно",
        "userDefined": false
      }
    ],
    "isTemplate": false,
    "count": 0,
    "updated": 0
  },
  {
    "id": "44c4d63a-fb99-46c6-8b80-d8de778959de",
    "data": [
      {
        "text": "как оно вообще",
        "userDefined": false
      }
    ],
    "isTemplate": false,
    "count": 0,
    "updated": 0
  },
  {
    "id": "aef8bd46-d803-4d14-9779-c9e8dab01f14",
    "data": [
      {
        "text": "что новенького",
        "userDefined": false
      }
    ],
    "isTemplate": false,
    "count": 0,
    "updated": 0
  },
  {
    "id": "7cc21dac-1954-428d-84a6-80ef04ebc11d",
    "data": [
      {
        "text": "что нового",
        "userDefined": false
      }
    ],
    "isTemplate": false,
    "count": 0,
    "updated": 0
  },
  {
    "id": "f02c1456-d931-4cfe-add6-3cd861b5ccdb",
    "data": [
      {
        "text": "что случилось",
        "userDefined": false
      }
    ],
    "isTemplate": false,
    "count": 1,
    "updated": 0
  },
  {
    "id": "e5d1d02f-a0ed-4e59-9d13-766a1d13e2b7",
    "data": [
      {
        "text": "что такое",
        "userDefined": false
      }
    ],
    "isTemplate": false,
    "count": 1,
    "updated": 0
  },
  {
    "id": "15b3abce-0fbf-4ab0-92fd-5aa18364ed69",
    "data": [
      {
        "text": "что происходит",
        "userDefined": false
      }
    ],
    "isTemplate": false,
    "count": 0,
    "updated": 0
  }
]