[
  {
    "id": "1bcfd1ce-38ab-46e1-906c-65e04ba06d3a",
    "data": [
      {
        "text": "у меня ",
        "userDefined": false
      },
      {
        "text": "сегодня",
        "meta": "@sys.ignore",
        "userDefined": false
      },
      {
        "text": " ",
        "userDefined": false
      },
      {
        "text": "день",
        "meta": "@sys.ignore",
        "userDefined": false
      },
      {
        "text": " рождения",
        "userDefined": false
      }
    ],
    "isTemplate": false,
    "count": 0,
    "updated": 0
  },
  {
    "id": "06dbb16f-1b1c-4e05-b6f7-a0d211bcb531",
    "data": [
      {
        "text": "мой день рождения сегодня",
        "userDefined": false
      }
    ],
    "isTemplate": false,
    "count": 0,
    "updated": 0
  },
  {
    "id": "604509e2-61fd-4d1f-95a5-802446704937",
    "data": [
      {
        "text": "сегодня я праздную свой день рождения",
        "userDefined": false
      }
    ],
    "isTemplate": false,
    "count": 0,
    "updated": 0
  },
  {
    "id": "89df5077-6266-47e8-a8ad-dd9177bebed1",
    "data": [
      {
        "text": "сегодня у меня день рождения",
        "userDefined": false
      }
    ],
    "isTemplate": false,
    "count": 0,
    "updated": 0
  },
  {
    "id": "bc1bf816-78c1-411c-a615-d04963d78125",
    "data": [
      {
        "text": "в этот день я родился",
        "userDefined": false
      }
    ],
    "isTemplate": false,
    "count": 0,
    "updated": 0
  },
  {
    "id": "76ec686c-6758-4ec3-b3d8-790fd2a78d0c",
    "data": [
      {
        "text": "это мой день рождения",
        "userDefined": false
      }
    ],
    "isTemplate": false,
    "count": 0,
    "updated": 0
  },
  {
    "id": "4f357531-b87e-4857-9869-5104e67955fc",
    "data": [
      {
        "text": "праздную свой день рождения",
        "userDefined": false
      }
    ],
    "isTemplate": false,
    "count": 0,
    "updated": 0
  }
]