[
  {
    "id": "c9a18b90-83a5-427e-a468-cb31ff095012",
    "data": [
      {
        "text": "я правда хорошо выгляжу",
        "userDefined": false
      }
    ],
    "isTemplate": false,
    "count": 0,
    "updated": 0
  },
  {
    "id": "e504be88-3e04-4fb8-9163-c6a3108b0918",
    "data": [
      {
        "text": "как я выгляжу",
        "userDefined": false
      }
    ],
    "isTemplate": false,
    "count": 0,
    "updated": 0
  },
  {
    "id": "ec0465e2-528c-450e-a429-817be59362a3",
    "data": [
      {
        "text": "я хорошо выгляжу",
        "userDefined": false
      }
    ],
    "isTemplate": false,
    "count": 0,
    "updated": 0
  },
  {
    "id": "f95128e8-0a51-4abe-9353-ea11a0246ed5",
    "data": [
      {
        "text": "нормально ли я выгляжу",
        "userDefined": false
      }
    ],
    "isTemplate": false,
    "count": 0,
    "updated": 0
  },
  {
    "id": "8fc638ec-4beb-4687-8188-d16c65b8d3d5",
    "data": [
      {
        "text": "ты знаешь как я выгляжу",
        "userDefined": false
      }
    ],
    "isTemplate": false,
    "count": 0,
    "updated": 0
  },
  {
    "id": "b1b52b5f-7940-46d1-b909-07157efded50",
    "data": [
      {
        "text": "ты видишь как я выгляжу",
        "userDefined": false
      }
    ],
    "isTemplate": false,
    "count": 0,
    "updated": 0
  },
  {
    "id": "6ac6e626-08cf-4449-b7a3-e32a2197da2d",
    "data": [
      {
        "text": "как по-твоему я выгляжу",
        "userDefined": false
      }
    ],
    "isTemplate": false,
    "count": 0,
    "updated": 0
  }
]