[
  {
    "id": "2bc86769-3422-4bf6-9968-d88f40ceb44d",
    "data": [
      {
        "text": "мне нужен совет",
        "userDefined": false
      }
    ],
    "isTemplate": false,
    "count": 0,
    "updated": 0
  },
  {
    "id": "aa997521-d8d6-4829-8f93-0cc8a05784c4",
    "data": [
      {
        "text": "любой совет",
        "userDefined": false
      }
    ],
    "isTemplate": false,
    "count": 0,
    "updated": 0
  },
  {
    "id": "f68c796a-9dcd-4781-a152-aaf03eb141ac",
    "data": [
      {
        "text": "у тебя есть для меня совет",
        "userDefined": false
      }
    ],
    "isTemplate": false,
    "count": 0,
    "updated": 0
  },
  {
    "id": "1566deb8-e454-493d-a1c4-f6b520568367",
    "data": [
      {
        "text": "посоветуй мне",
        "userDefined": false
      }
    ],
    "isTemplate": false,
    "count": 0,
    "updated": 0
  },
  {
    "id": "3f39bee3-3d08-4f71-88f5-4837dd6fa906",
    "data": [
      {
        "text": "что мне следует делать",
        "userDefined": false
      }
    ],
    "isTemplate": false,
    "count": 1,
    "updated": 0
  },
  {
    "id": "78dfb713-c75c-4dc2-bf20-a750472e61ff",
    "data": [
      {
        "text": "могу спросить у тебя совета",
        "userDefined": false
      }
    ],
    "isTemplate": false,
    "count": 0,
    "updated": 0
  },
  {
    "id": "1938c64f-e6e3-44b6-82b1-d68bd5063ee3",
    "data": [
      {
        "text": "можешь мне посоветовать",
        "userDefined": false
      }
    ],
    "isTemplate": false,
    "count": 0,
    "updated": 0
  },
  {
    "id": "b2330d41-6204-4758-9124-2318f43898c4",
    "data": [
      {
        "text": "можешь дать мне совет",
        "userDefined": false
      }
    ],
    "isTemplate": false,
    "count": 0,
    "updated": 0
  },
  {
    "id": "33edccf7-3932-43b4-a03b-fe13eed430d4",
    "data": [
      {
        "text": "хоть что-то мне посоветуй",
        "userDefined": false
      }
    ],
    "isTemplate": false,
    "count": 0,
    "updated": 0
  },
  {
    "id": "53cb65fc-ed00-4ba7-ab8e-ef2859c90607",
    "data": [
      {
        "text": "что посоветуешь в такой ситуации",
        "userDefined": false
      }
    ],
    "isTemplate": false,
    "count": 0,
    "updated": 0
  },
  {
    "id": "6a684f49-f6ac-4b5b-9c1b-8cd943f8db57",
    "data": [
      {
        "text": "дай мне совет",
        "userDefined": false
      }
    ],
    "isTemplate": false,
    "count": 0,
    "updated": 0
  },
  {
    "id": "94b3bcae-c545-4b89-a616-de8b6b375155",
    "data": [
      {
        "text": "дай мне мудрый совет",
        "userDefined": false
      }
    ],
    "isTemplate": false,
    "count": 0,
    "updated": 0
  },
  {
    "id": "c90ea439-aee7-4730-b056-4353d4ef3199",
    "data": [
      {
        "text": "помоги советом",
        "userDefined": false
      }
    ],
    "isTemplate": false,
    "count": 0,
    "updated": 0
  },
  {
    "id": "aeb43a43-b8fc-433f-8f83-befdd664af30",
    "data": [
      {
        "text": "мне бы не помешал совет",
        "userDefined": false
      }
    ],
    "isTemplate": false,
    "count": 0,
    "updated": 0
  },
  {
    "id": "985c9a3a-7c41-4ede-b76f-56d6643dc463",
    "data": [
      {
        "text": "нужен твой совет",
        "userDefined": false
      }
    ],
    "isTemplate": false,
    "count": 0,
    "updated": 0
  },
  {
    "id": "8c5b7a57-0300-4bee-8533-c8deda461e30",
    "data": [
      {
        "text": "ищу твоей поддержки",
        "userDefined": false
      }
    ],
    "isTemplate": false,
    "count": 0,
    "updated": 0
  },
  {
    "id": "cfe8951a-c266-410e-b20d-0fb658d1522d",
    "data": [
      {
        "text": "что можешь порекомендовать",
        "userDefined": false
      }
    ],
    "isTemplate": false,
    "count": 0,
    "updated": 0
  },
  {
    "id": "302741f6-61f1-4cc9-b8fb-4758c397f7c0",
    "data": [
      {
        "text": "что рекомендуешь",
        "userDefined": false
      }
    ],
    "isTemplate": false,
    "count": 0,
    "updated": 0
  },
  {
    "id": "7f70cf6c-195a-4226-a072-9a2900b48c09",
    "data": [
      {
        "text": "что предлагаешь",
        "userDefined": false
      }
    ],
    "isTemplate": false,
    "count": 0,
    "updated": 0
  },
  {
    "id": "9f325a31-243c-4780-bd10-c67692a38646",
    "data": [
      {
        "text": "что посоветуешь",
        "userDefined": false
      }
    ],
    "isTemplate": false,
    "count": 0,
    "updated": 0
  },
  {
    "id": "632b04ff-6001-4c20-b014-d9de6a45104e",
    "data": [
      {
        "text": "как поступить",
        "userDefined": false
      }
    ],
    "isTemplate": false,
    "count": 0,
    "updated": 0
  },
  {
    "id": "fc4dbc05-fbbe-45ae-9208-234b5aaa4165",
    "data": [
      {
        "text": "как мне быть",
        "userDefined": false
      }
    ],
    "isTemplate": false,
    "count": 0,
    "updated": 0
  },
  {
    "id": "3d97c363-fb80-4919-a403-396c33c7caa6",
    "data": [
      {
        "text": "каким будет твой совет",
        "userDefined": false
      }
    ],
    "isTemplate": false,
    "count": 0,
    "updated": 0
  },
  {
    "id": "a690c176-6d53-466a-ab7c-762cbd43c932",
    "data": [
      {
        "text": "твой совет",
        "userDefined": false
      }
    ],
    "isTemplate": false,
    "count": 0,
    "updated": 0
  }
]