[
  {
    "id": "241a6dcf-6e86-4815-ba7a-a22c1e78f15e",
    "data": [
      {
        "text": "ты отличный собеседник",
        "userDefined": false
      }
    ],
    "isTemplate": false,
    "count": 0,
    "updated": 0
  },
  {
    "id": "6d8ac897-3f18-46ec-902e-86e6293117da",
    "data": [
      {
        "text": "разговаривать с тобой ",
        "userDefined": false
      },
      {
        "text": "одно",
        "meta": "@sys.ignore",
        "userDefined": false
      },
      {
        "text": " удовольствие",
        "userDefined": false
      }
    ],
    "isTemplate": false,
    "count": 0,
    "updated": 0
  },
  {
    "id": "41c482e3-18b8-472a-8417-c505160ccfd1",
    "data": [
      {
        "text": "с тобой так приятно общаться",
        "userDefined": false
      }
    ],
    "isTemplate": false,
    "count": 0,
    "updated": 0
  },
  {
    "id": "03b274d3-2ca1-417f-8d2e-0222f421683f",
    "data": [
      {
        "text": "приятно с тобой пообщаться",
        "userDefined": false
      }
    ],
    "isTemplate": false,
    "count": 0,
    "updated": 0
  },
  {
    "id": "ac9525d6-6d05-4c2f-aaa0-70ca8b02f504",
    "data": [
      {
        "text": "приятно было пообщаться",
        "userDefined": false
      }
    ],
    "isTemplate": false,
    "count": 0,
    "updated": 0
  },
  {
    "id": "9db6fca6-3bdf-4df4-aa62-f99d4507a021",
    "data": [
      {
        "text": "было приятно поболтать с тобой",
        "userDefined": false
      }
    ],
    "isTemplate": false,
    "count": 0,
    "updated": 0
  },
  {
    "id": "1eb704de-5c39-4903-92d6-c42d1b47bbe6",
    "data": [
      {
        "text": "приятно поговорить с тобой",
        "userDefined": false
      }
    ],
    "isTemplate": false,
    "count": 1,
    "updated": 0
  },
  {
    "id": "805334b3-2ab4-4488-8ccc-3f0b1fae3930",
    "data": [
      {
        "text": "было приятно пообщаться",
        "userDefined": false
      }
    ],
    "isTemplate": false,
    "count": 0,
    "updated": 0
  },
  {
    "id": "02a016ab-7ec7-402d-9f9c-a8aa306b6576",
    "data": [
      {
        "text": "как приятно с тобой разговаривать",
        "userDefined": false
      }
    ],
    "isTemplate": false,
    "count": 0,
    "updated": 0
  }
]