[
  {
    "id": "e51324d4-7366-47b0-a62d-d66a49de0aa8",
    "data": [
      {
        "text": "я снова здесь с тобой",
        "userDefined": false
      }
    ],
    "isTemplate": false,
    "count": 0,
    "updated": 0
  },
  {
    "id": "225e3a0d-f7ea-4dfd-ba15-2d7f78880150",
    "data": [
      {
        "text": "и снова я здесь",
        "userDefined": false
      }
    ],
    "isTemplate": false,
    "count": 0,
    "updated": 0
  },
  {
    "id": "e606e1f6-2590-4568-813c-c807e09c1420",
    "data": [
      {
        "text": "я вернулся",
        "userDefined": false
      }
    ],
    "isTemplate": false,
    "count": 0,
    "updated": 0
  },
  {
    "id": "1bfe5c2e-2073-4622-83d2-f547745ac80d",
    "data": [
      {
        "text": "я снова здесь",
        "userDefined": false
      }
    ],
    "isTemplate": false,
    "count": 0,
    "updated": 0
  },
  {
    "id": "1b0e04a9-d13a-4061-a16e-2332dc9144d8",
    "data": [
      {
        "text": "а вот и я",
        "userDefined": false
      }
    ],
    "isTemplate": false,
    "count": 0,
    "updated": 0
  },
  {
    "id": "78c9ab46-a0bb-4632-9cd3-5c477e097f19",
    "data": [
      {
        "text": "это снова я",
        "userDefined": false
      }
    ],
    "isTemplate": false,
    "count": 0,
    "updated": 0
  },
  {
    "id": "c1225f86-9ebe-4034-9bd7-7d80014b823d",
    "data": [
      {
        "text": "я вернулась",
        "userDefined": false
      }
    ],
    "isTemplate": false,
    "count": 0,
    "updated": 0
  },
  {
    "id": "25f96050-6522-41d2-a9c9-cde8c69c97f1",
    "data": [
      {
        "text": "я снова тут",
        "userDefined": false
      }
    ],
    "isTemplate": false,
    "count": 0,
    "updated": 0
  }
]