[
  {
    "id": "7fd75f3f-af39-4ef5-87cb-6f9be559d050",
    "data": [
      {
        "text": "это приводит меня в трепет",
        "userDefined": false
      }
    ],
    "isTemplate": false,
    "count": 0,
    "updated": 0
  },
  {
    "id": "749b48df-8faa-4445-bdc3-b66940172c44",
    "data": [
      {
        "text": "я в восторге",
        "userDefined": false
      }
    ],
    "isTemplate": false,
    "count": 0,
    "updated": 0
  },
  {
    "id": "e5ce9895-8db5-4f46-8ce8-3fed6a4c2ae6",
    "data": [
      {
        "text": "очень взволнован",
        "userDefined": false
      }
    ],
    "isTemplate": false,
    "count": 0,
    "updated": 0
  },
  {
    "id": "61703aea-185c-4970-8eb1-c78e7464a802",
    "data": [
      {
        "text": "это меня взволновало",
        "userDefined": false
      }
    ],
    "isTemplate": false,
    "count": 0,
    "updated": 0
  },
  {
    "id": "00cca007-00e0-48ad-9fd4-996a5bc84444",
    "data": [
      {
        "text": "я взбудоражена",
        "userDefined": false
      }
    ],
    "isTemplate": false,
    "count": 0,
    "updated": 0
  },
  {
    "id": "481aaa5e-58cc-4939-a26d-737607a7679b",
    "data": [
      {
        "text": "я в восторге от работы с тобой",
        "userDefined": false
      }
    ],
    "isTemplate": false,
    "count": 0,
    "updated": 0
  },
  {
    "id": "9942bd77-7657-49f3-ad10-431f9f56299a",
    "data": [
      {
        "text": "жду не дождусь начала нашего сотрудничества",
        "userDefined": false
      }
    ],
    "isTemplate": false,
    "count": 0,
    "updated": 0
  }
]