[
  {
    "id": "cbef3c9a-b377-4e39-a116-6e29848831ba",
    "data": [
      {
        "text": "what is your story",
        "userDefined": false
      }
    ],
    "isTemplate": false,
    "count": 0,
    "updated": 1524047896
  },
  {
    "id": "f4e4b661-87ee-4048-acbd-1aabd158bb4f",
    "data": [
      {
        "text": "Traveler\u0027s story",
        "userDefined": false
      }
    ],
    "isTemplate": false,
    "count": 0,
    "updated": 1524044648
  },
  {
    "id": "ac515560-e6a2-4924-a034-73aa754817bb",
    "data": [
      {
        "text": "tell me travelers story",
        "userDefined": false
      }
    ],
    "isTemplate": false,
    "count": 0,
    "updated": 1524044648
  },
  {
    "id": "9260f37f-c6fa-41ad-ae59-91b57f793a0b",
    "data": [
      {
        "text": "@travelers:traveler\u0027s story",
        "userDefined": false
      }
    ],
    "isTemplate": true,
    "count": 0,
    "updated": 1524044648
  },
  {
    "id": "75f2c62c-735b-4c46-9b5c-2e92ef5ece63",
    "data": [
      {
        "text": "Teddy",
        "alias": "traveler",
        "meta": "@travelers",
        "userDefined": true
      },
      {
        "text": "\u0027s story",
        "userDefined": false
      }
    ],
    "isTemplate": false,
    "count": 0,
    "updated": 1524044648
  },
  {
    "id": "bc19c677-8dc8-4d37-933b-479300a95906",
    "data": [
      {
        "text": "travelers story",
        "userDefined": false
      }
    ],
    "isTemplate": false,
    "count": 0,
    "updated": 1524044648
  },
  {
    "id": "8f791c8d-89fc-4ee1-8b06-90c8dc8eb356",
    "data": [
      {
        "text": "tell your story",
        "userDefined": false
      }
    ],
    "isTemplate": false,
    "count": 0,
    "updated": 1524047896
  },
  {
    "id": "b6dad93d-d31d-4cc2-820d-ac9d21c5c376",
    "data": [
      {
        "text": "Teddy",
        "alias": "traveler",
        "meta": "@travelers",
        "userDefined": false
      },
      {
        "text": " story",
        "userDefined": false
      }
    ],
    "isTemplate": false,
    "count": 0,
    "updated": 1524044648
  },
  {
    "id": "821a79b4-6562-4221-a31a-477b1e828856",
    "data": [
      {
        "text": "Traveller\u0027s story",
        "userDefined": false
      }
    ],
    "isTemplate": false,
    "count": 0,
    "updated": 1524044648
  },
  {
    "id": "6566f3ec-e427-488b-a125-0f6545bb6282",
    "data": [
      {
        "text": "tell @travelers:traveler\u0027s story",
        "userDefined": false
      }
    ],
    "isTemplate": true,
    "count": 0,
    "updated": 1524050061
  }
]