[
  {
    "id": "316a59dd-9e08-436a-9261-76ae24cdee76",
    "data": [
      {
        "text": "Расскажи свою историю",
        "userDefined": false
      }
    ],
    "isTemplate": false,
    "count": 0,
    "updated": 1526291455
  },
  {
    "id": "9d25d43d-9c4e-4ae6-ba4e-6143151130cb",
    "data": [
      {
        "text": "расскажи историю @travelers:traveler",
        "userDefined": false
      }
    ],
    "isTemplate": true,
    "count": 0,
    "updated": 1526290831
  },
  {
    "id": "2f452309-f8a0-4866-823b-a1400f51b5d9",
    "data": [
      {
        "text": "история @travelers:traveler",
        "userDefined": false
      }
    ],
    "isTemplate": true,
    "count": 0,
    "updated": 1526290831
  },
  {
    "id": "021a7f8e-20ff-4928-9625-d1cfccda89cb",
    "data": [
      {
        "text": "расскажи мне твою историю",
        "userDefined": false
      }
    ],
    "isTemplate": false,
    "count": 0,
    "updated": 1526290831
  },
  {
    "id": "e7a7c2ea-e862-4327-9648-6e1dd9a0de2a",
    "data": [
      {
        "text": "раскажи мне твою историю",
        "userDefined": false
      }
    ],
    "isTemplate": false,
    "count": 0,
    "updated": 1526290831
  },
  {
    "id": "2e6226a5-bb6a-43f2-ad81-49995d21d364",
    "data": [
      {
        "text": "какая твоя история",
        "userDefined": false
      }
    ],
    "isTemplate": false,
    "count": 0,
    "updated": 1526290831
  }
]