[
  {
    "id": "3d5fe641-0c96-483f-b584-06a7ad42c707",
    "data": [
      {
        "text": "у вас попутчик",
        "userDefined": false
      }
    ],
    "isTemplate": false,
    "count": 0,
    "updated": 1526291628
  },
  {
    "id": "fc71682e-2813-43a6-bc82-5ace8eddd046",
    "data": [
      {
        "text": "@travelers:traveler у меня",
        "userDefined": false
      }
    ],
    "isTemplate": true,
    "count": 0,
    "updated": 1526290928
  },
  {
    "id": "e8bd4fe5-2199-4870-bfc1-fc7a2cd0dc2a",
    "data": [
      {
        "text": "у меня @travelers:traveler",
        "userDefined": false
      }
    ],
    "isTemplate": true,
    "count": 0,
    "updated": 1526290928
  },
  {
    "id": "8731048e-9f64-49f2-845a-0800d7d905dc",
    "data": [
      {
        "text": "к вам попал @travelers:traveler",
        "userDefined": false
      }
    ],
    "isTemplate": true,
    "count": 0,
    "updated": 1526290928
  },
  {
    "id": "7387646f-b579-4f50-9590-d2dd826eafe4",
    "data": [
      {
        "text": "у вас @travelers:traveler",
        "userDefined": false
      }
    ],
    "isTemplate": true,
    "count": 0,
    "updated": 1526290928
  },
  {
    "id": "91bdf3e9-9b70-4330-bc0c-7b79f24d67ca",
    "data": [
      {
        "text": "@travelers:traveler у вас?",
        "userDefined": false
      }
    ],
    "isTemplate": true,
    "count": 0,
    "updated": 1526290928
  },
  {
    "id": "3bbb7695-684d-476e-9a8e-c963d0dea058",
    "data": [
      {
        "text": "у вас @travelers:traveler?",
        "userDefined": false
      }
    ],
    "isTemplate": true,
    "count": 0,
    "updated": 1526290928
  }
]