[
  {
    "id": "e4e5af74-8b89-46bd-bc4f-18db3c03c708",
    "data": [
      {
        "text": "you got fellowtraveler?",
        "userDefined": false
      }
    ],
    "isTemplate": false,
    "count": 0,
    "updated": 1524050138
  },
  {
    "id": "52c1dbbe-2c73-4ee0-8f41-1b77038fa328",
    "data": [
      {
        "text": "you got traveler?",
        "userDefined": false
      }
    ],
    "isTemplate": false,
    "count": 0,
    "updated": 1524050138
  },
  {
    "id": "006ac5e4-9217-473f-8e6a-9fbcb37e66d8",
    "data": [
      {
        "text": "you have fellotraveler?",
        "userDefined": false
      }
    ],
    "isTemplate": false,
    "count": 0,
    "updated": 1524050138
  },
  {
    "id": "a00242e4-8454-44c1-bd05-5c7df528c995",
    "data": [
      {
        "text": "you got @travelers:traveler?",
        "userDefined": false
      }
    ],
    "isTemplate": true,
    "count": 0,
    "updated": 1524050138
  }
]